Year,State,Exam ,School_ID,Avg_marks,Min_marks,Max_marks,pass_percentage,Exam_comparison,Yearly_Improvement,Average_attendance,school_type
2023,Maharastra,Quarterly,114,63.74,66,97,85.01,-4,3.7,81.3,Private
2023,Maharastra,Quarterly,114,69.87,63,92,54.31,-1.5,2.2,76.3,Aided
2023,Maharastra,Quarterly,114,90.24,68,97,78.56,0.7,3.8,86.3,Government
2023,Maharastra,Quarterly,114,68.13,55,100,51.71,3.6,3.7,96.9,Private
2023,Maharastra,Quarterly,114,77.98,67,88,95.62,-3,2.7,84,Private
2023,Maharastra,Quarterly,114,60.78,45,100,87.7,3.3,2.2,92,Private
2023,Maharastra,Quarterly,114,94.52,51,89,55.29,-2.7,2.6,93.7,Private
2023,Maharastra,Quarterly,114,47.73,35,87,50.89,1.3,2.5,88.1,Private
2023,Maharastra,Quarterly,114,66.21,46,98,61.65,3.8,4.7,98.2,Government
2023,Maharastra,Quarterly,114,69.63,48,88,60.79,-3,2,95,Government
2023,Maharastra,Quarterly,114,62.24,60,83,61.97,-3.2,4.6,77.4,Government
2023,Maharastra,Quarterly,114,88.57,35,89,82.36,2.3,2.9,90.7,Private
2023,Maharastra,Quarterly,114,90.62,45,88,95.99,-3.9,2.8,91.2,Private
2023,Maharastra,Quarterly,114,77.85,55,100,68.43,4.3,2.9,87.9,Government
2023,Maharastra,Quarterly,114,43.23,31,93,51.71,-0.3,2.7,85.3,Aided
2023,Maharastra,Quarterly,114,94.66,36,84,64.75,-1.6,4.8,79.5,Aided
2023,Maharastra,Quarterly,114,61.39,55,95,99.61,-4.2,2.7,87,Government
2023,Maharastra,Quarterly,114,56.58,69,97,99.98,-0.9,4.5,81.1,Private
2023,Maharastra,Quarterly,114,70.11,32,87,94.94,-3.7,4.5,76.5,Private
2023,Maharastra,Quarterly,114,51.76,38,99,55.3,2.3,3.2,89.2,Private
2023,Maharastra,Quarterly,114,78.11,57,94,97.49,-3.8,2.4,96.7,Government
2023,Maharastra,Quarterly,114,77.91,68,95,64.99,3.7,2.8,99.8,Aided
2023,Maharastra,Quarterly,114,44.66,46,81,99.24,-2.9,2.2,89.5,Private
2023,Maharastra,Quarterly,114,69.75,35,92,82.15,-2.6,3.7,81,Aided
2023,Maharastra,Quarterly,114,45.03,31,100,51.92,0.2,4.8,98.9,Aided
2023,Maharastra,Quarterly,114,77.72,59,87,93,-2.6,4.2,87.9,Private
2023,Maharastra,Quarterly,114,50.79,49,87,82.52,0.9,4,91.3,Government
2023,Maharastra,Quarterly,114,85.32,66,92,88.32,-1.5,2.5,92.7,Aided
2023,Maharastra,Quarterly,114,62.42,62,84,76.75,-2.5,4.8,86.2,Aided
2023,Maharastra,Quarterly,114,55.35,53,94,82.53,4.2,2.9,84.7,Aided
2023,Maharastra,Quarterly,114,41.25,63,98,75.2,-1.5,2.6,79.3,Aided
2023,Maharastra,Quarterly,114,52.41,32,85,56.92,3.1,2.5,95.3,Aided
2023,Maharastra,Quarterly,114,54.79,69,93,61.53,0.4,3.9,88.1,Private
2023,Maharastra,Quarterly,114,48.07,60,83,91.95,-3.4,2.1,91.6,Private
2023,Maharastra,Quarterly,114,86.57,57,84,97.46,-2.8,4.6,93.4,Aided
2023,Maharastra,Quarterly,114,83,57,99,63.41,2.5,4.5,95.8,Government
2023,Maharastra,Quarterly,114,41.75,47,91,58.68,-1.9,4.4,87.8,Aided
2023,Maharastra,Quarterly,114,72.74,47,83,87.97,2.1,3.2,99,Private
2023,Maharastra,Quarterly,114,86.9,55,97,95.27,3.4,3.3,96.3,Aided
2023,Maharastra,Quarterly,114,94.04,62,83,61.25,-0.7,3.6,97.3,Government
2023,Maharastra,Quarterly,114,76.36,53,80,88.78,0.4,2,81.2,Government
2023,Maharastra,Quarterly,114,71.81,59,86,59.79,3.6,4.8,85.5,Aided
2023,Maharastra,Quarterly,114,56.27,56,87,95.57,-4.7,4.5,94.4,Private
2023,Maharastra,Quarterly,114,43.74,31,85,52.43,2.6,3.3,98.2,Government
2023,Maharastra,Quarterly,114,41.89,40,92,59.84,1.1,4,86.1,Government
2023,Maharastra,Quarterly,114,52.24,60,88,94.78,-4.7,4.9,99.4,Private
2023,Maharastra,Quarterly,114,54.19,47,85,67.93,-4.7,4.9,99.7,Aided
2023,Maharastra,Quarterly,114,78.35,56,83,98.69,-3.8,4.8,79,Government
2023,Maharastra,Quarterly,114,67.57,49,83,73.2,-2.9,2.8,98.8,Government
2023,Maharastra,Quarterly,114,70.53,48,94,81.37,-2.5,4.1,75.2,Government
2023,Maharastra,Quarterly,114,41.29,66,98,87.83,-1.9,4.8,91.1,Private
2023,Maharastra,Quarterly,114,51.07,37,86,56.09,4.6,3.7,77.8,Aided
2023,Maharastra,Quarterly,114,46.34,31,100,80.61,2.6,3.4,75.6,Government
2023,Maharastra,Quarterly,114,64.79,54,83,74.3,-0.7,2.8,79.2,Private
2023,Maharastra,Quarterly,114,68.64,58,99,75.12,1,5,83.5,Aided
2023,Maharastra,Quarterly,114,59.89,45,82,75.26,-4.8,3.2,81.7,Aided
2023,Maharastra,Quarterly,114,85.74,34,99,58.13,2.4,3.5,92.9,Government
2023,Maharastra,Quarterly,114,72.41,32,90,91.39,4.8,4.1,78.2,Aided
2023,Maharastra,Quarterly,114,46.88,41,83,79.79,2.3,4.7,93.7,Aided
2023,Maharastra,Quarterly,114,74.76,53,88,70.83,4.2,2.3,97.7,Aided
2023,Maharastra,Quarterly,114,65.8,31,90,78.96,3.6,4.7,86.9,Aided
2023,Maharastra,Quarterly,114,76.54,34,88,74,-4.7,3.4,98.6,Aided
2023,Maharastra,Quarterly,114,88.98,48,98,79.86,-3.4,3.8,86.3,Private
2023,Maharastra,Quarterly,114,63.78,57,93,80.71,-0.4,4,82.6,Aided
2023,Maharastra,Quarterly,114,86.68,56,97,62.18,2.7,2.2,83,Government
2023,Maharastra,Quarterly,114,93.78,47,81,79.93,4.6,4.5,76.3,Government
2023,Maharastra,Quarterly,114,52.44,33,83,51.69,2.5,5,99.2,Government
2023,Maharastra,Quarterly,114,74.86,66,90,95.27,1.3,4.1,91.2,Private
2023,Maharastra,Quarterly,114,42.13,52,80,68.29,2.7,4.9,89.8,Aided
2023,Maharastra,Quarterly,114,45,41,94,53.41,0,3,90.7,Private
2023,Maharastra,Quarterly,114,75.9,58,92,50.91,-4.3,2,88.8,Government
2023,Maharastra,Quarterly,114,43.85,68,81,62.95,-0.4,3.2,84.2,Aided
2023,Maharastra,Quarterly,114,60.35,53,93,51.36,3,2.3,87.2,Aided
2023,Maharastra,Quarterly,114,75.56,68,81,55.71,-4.5,2.4,95.9,Government
2023,Maharastra,Quarterly,114,54.07,55,94,78.61,2.8,3.2,86.3,Aided
2023,Maharastra,Quarterly,114,71.71,35,88,70.4,2,4,76.3,Aided
2023,Maharastra,Quarterly,114,68.47,67,100,54.57,-1.3,3.6,89,Aided
2023,Maharastra,Quarterly,114,88.26,43,82,98.2,4.7,2.3,86.8,Private
2023,Maharastra,Quarterly,114,40.78,33,100,51.91,0.2,3.7,87.9,Private
2023,Maharastra,Quarterly,114,62.24,39,90,50.74,-1.4,4.3,84.1,Aided
2023,Maharastra,Quarterly,114,48.78,30,85,92.1,4.2,2.9,80.9,Private
2023,Maharastra,Quarterly,114,47.63,63,96,72.64,-4.2,4.3,94.2,Aided
2023,Maharastra,Quarterly,114,51.81,34,99,62.77,1.5,3.5,98.4,Private
2023,Maharastra,Quarterly,114,89.4,30,90,59.61,-0.3,2.4,78.7,Private
2023,Maharastra,Quarterly,114,76.46,65,91,85.33,-2.6,3.6,76.4,Aided
2023,Maharastra,Quarterly,114,78.49,32,93,86.95,-2,4.3,96,Private
2023,Maharastra,Quarterly,114,88.06,35,100,87.57,-4.3,4.8,95.2,Aided
2023,Maharastra,Quarterly,114,54.22,54,84,88.3,-1.9,4.1,82,Aided
2023,Maharastra,Quarterly,114,47.09,54,97,79.23,4.9,3.8,85.1,Private
2023,Maharastra,Quarterly,114,76.28,57,81,57.81,-1.4,3.4,99.8,Government
2023,Maharastra,Quarterly,114,80.68,50,92,60.45,2.3,3.9,76.4,Private
2023,Maharastra,Quarterly,114,59.66,41,93,64.24,1,4.5,79.4,Private
2023,Maharastra,Quarterly,114,50.04,46,92,83.25,-0.7,3.8,75.8,Aided
2023,Maharastra,Quarterly,114,66.4,68,92,63.97,-3.3,2.1,75.4,Private
2023,Maharastra,Quarterly,114,43.38,40,82,62.8,2,2.3,95.3,Aided
2023,Maharastra,Quarterly,114,72.83,65,98,65.76,3.5,2.2,79.9,Private
2023,Maharastra,Quarterly,114,60.11,51,98,93.76,2.7,4,78.4,Aided
2023,Maharastra,Half Yearly,114,72.24,36,86,89.14,1.7,2.3,95.4,Government
2023,Maharastra,Half Yearly,114,58.04,44,82,58.99,-4.7,4.1,98.7,Government
2023,Maharastra,Half Yearly,114,77.9,58,81,59.06,-4.6,2.5,96,Private
2023,Maharastra,Half Yearly,114,80.74,50,86,86.56,-1.6,4.4,97.1,Government
2023,Maharastra,Half Yearly,114,45.34,47,89,72.9,0,4.4,81.7,Aided
2023,Maharastra,Half Yearly,114,50.65,34,95,76.89,-0.2,4,85.4,Government
2023,Maharastra,Half Yearly,114,46.35,47,95,93.63,-2.6,4.6,88.1,Aided
2023,Maharastra,Half Yearly,114,66.7,33,99,50.61,5,4.3,88.4,Private
2023,Maharastra,Half Yearly,114,63.11,66,86,63.11,1.3,4.5,88.3,Private
2023,Maharastra,Half Yearly,114,62.22,53,82,57.19,1.1,4,79.3,Government
2023,Maharastra,Half Yearly,114,69.84,51,89,65.26,1.7,3,79.1,Private
2023,Maharastra,Half Yearly,114,83.55,55,82,98.42,-1.9,3.3,84.3,Private
2023,Maharastra,Half Yearly,114,46.65,38,100,55.1,3.8,2.6,80.3,Private
2023,Maharastra,Half Yearly,114,87.61,47,99,91.66,3.1,3.3,87.5,Aided
2023,Maharastra,Half Yearly,114,77.75,67,90,52.1,2,2.9,91.2,Aided
2023,Maharastra,Half Yearly,114,59.96,50,87,71.47,0,4.8,83.2,Private
2023,Maharastra,Half Yearly,114,90.38,66,91,78.53,0.1,2.1,86,Government
2023,Maharastra,Half Yearly,114,70.68,61,86,61.53,2.6,4,78.5,Government
2023,Maharastra,Half Yearly,114,63.53,66,80,83.7,-3.8,4.8,95.5,Government
2023,Maharastra,Half Yearly,114,67.1,63,92,78.01,2.8,3.1,98.3,Government
2023,Maharastra,Half Yearly,114,52.58,42,84,86.72,4.7,3.6,81.2,Aided
2023,Maharastra,Half Yearly,114,76.44,43,88,99.49,-1.6,4.7,82.3,Government
2023,Maharastra,Half Yearly,114,75.5,31,80,89.88,2.5,4.3,83.8,Private
2023,Maharastra,Half Yearly,114,56.85,31,85,90.34,-4.6,3.8,75.2,Aided
2023,Maharastra,Half Yearly,114,84.8,59,85,74.57,-4.8,3.2,88.5,Private
2023,Maharastra,Half Yearly,114,82.59,54,83,94.54,3,3.7,90.3,Private
2023,Maharastra,Half Yearly,114,72.64,38,95,66.06,-1.3,2.9,96.5,Government
2023,Maharastra,Half Yearly,114,69.29,30,94,99.67,-4.1,2.6,79,Aided
2023,Maharastra,Half Yearly,114,57.94,46,97,60.98,-1,3.4,79.7,Aided
2023,Maharastra,Half Yearly,114,89.86,42,95,87.48,4.3,3.9,96,Aided
2023,Maharastra,Half Yearly,114,75.33,49,100,74.7,0.4,4.7,95.3,Government
2023,Maharastra,Half Yearly,114,68.03,41,91,93.25,0.5,2.2,98.8,Aided
2023,Maharastra,Half Yearly,114,65.93,64,88,51.78,4.4,4.4,87.2,Private
2023,Maharastra,Half Yearly,114,92.17,67,95,72.57,-1.1,4.4,94.3,Private
2023,Maharastra,Half Yearly,114,58.74,47,92,84.27,-1.8,4.2,99.7,Private
2023,Maharastra,Half Yearly,114,77.88,47,81,79.99,-2.9,2.2,97.7,Government
2023,Maharastra,Half Yearly,114,83.73,57,84,92.19,-3,4.2,88,Government
2023,Maharastra,Half Yearly,114,57.9,48,96,73.76,1.9,2.8,94.6,Aided
2023,Maharastra,Half Yearly,114,85.18,67,82,78.54,3.5,4.6,79,Private
2023,Maharastra,Half Yearly,114,92.96,33,98,94.66,0.4,3.1,78.1,Aided
2023,Maharastra,Half Yearly,114,42.5,70,96,60.85,1.2,5,95.6,Aided
2023,Maharastra,Half Yearly,114,87.21,70,80,87.25,0.9,2.1,88.1,Private
2023,Maharastra,Half Yearly,114,82.9,58,89,80,-2.9,3.5,94.8,Government
2023,Maharastra,Half Yearly,114,49.55,45,91,84.86,-2.5,4.6,75.4,Aided
2023,Maharastra,Half Yearly,114,79.55,38,88,68.73,4.8,3.6,88,Aided
2023,Maharastra,Half Yearly,114,74.44,53,80,99.1,0,4.9,75.5,Private
2023,Maharastra,Half Yearly,114,77.17,58,86,78.4,-4,3.1,92.4,Government
2023,Maharastra,Half Yearly,114,41.79,56,80,89.28,2.7,3.8,78.6,Private
2023,Maharastra,Half Yearly,114,88.33,47,90,90.21,-4.4,4.3,99.1,Aided
2023,Maharastra,Half Yearly,114,91.66,37,88,82.98,4,3.7,91.9,Aided
2023,Maharastra,Half Yearly,114,46.86,61,96,81.53,3,2.4,81.7,Private
2023,Maharastra,Half Yearly,114,94.1,47,82,58.15,-4.1,3.2,91.1,Aided
2023,Maharastra,Half Yearly,114,57.44,54,87,51.81,1,3.5,83.7,Private
2023,Maharastra,Half Yearly,114,68.72,35,80,60.5,-4.3,3.4,98.6,Government
2023,Maharastra,Half Yearly,114,91.57,54,94,71.78,-2.4,3.9,92.1,Private
2023,Maharastra,Half Yearly,114,92.59,45,84,76.65,-2.5,2.1,86,Private
2023,Maharastra,Half Yearly,114,87.07,49,83,88.3,0.5,3.1,91.3,Aided
2023,Maharastra,Half Yearly,114,77.75,69,84,56.88,-1.1,3.4,76.7,Private
2023,Maharastra,Half Yearly,114,88.62,36,92,97.51,3.1,3.3,92.3,Aided
2023,Maharastra,Annual,114,58.4,34,91,67.06,4.7,2.5,85,Private
2023,Maharastra,Annual,114,58.75,67,91,66.06,2.8,3.3,81.4,Private
2023,Maharastra,Annual,114,64.43,63,81,81,4.9,4.9,97.1,Private
2023,Maharastra,Annual,114,87.79,38,92,52.73,0.1,2.5,92.9,Government
2023,Maharastra,Annual,114,58.78,45,100,58.82,-1.7,4.8,83.5,Government
2023,Maharastra,Annual,114,81.47,56,92,94.8,-4.2,3.1,96.2,Aided
2023,Maharastra,Annual,114,40.75,33,86,79.51,4.9,2.5,81.9,Aided
2023,Maharastra,Annual,114,57.22,69,100,64.34,-2.3,2.3,85.1,Government
2023,Maharastra,Annual,114,58.36,31,91,65.57,-1.8,2.4,95.5,Government
2023,Maharastra,Annual,114,79.89,38,92,56.39,-3.7,3.3,81.8,Government
2023,Maharastra,Annual,114,80.39,59,98,99.03,-2.9,4.8,78.2,Private
2023,Maharastra,Annual,114,46.47,35,91,88.78,-4.1,2.3,78.6,Private
2023,Maharastra,Annual,114,71.47,51,87,59.98,-2,3.8,92.5,Government
2023,Maharastra,Annual,114,55.35,68,83,56.22,-3.5,2.9,93.2,Private
2023,Maharastra,Annual,114,58.14,38,82,50.79,-4.8,4.1,84.8,Government
2023,Maharastra,Annual,114,91.56,47,88,80.32,0,2,87.9,Private
2023,Maharastra,Annual,114,65.99,60,90,51.75,-3.3,3.4,89.3,Private
2023,Maharastra,Annual,114,70.68,51,80,51.82,-3.9,3.5,81.5,Aided
2023,Maharastra,Annual,114,46.05,52,86,60.17,0.5,4.6,79.8,Private
2023,Maharastra,Annual,114,75.15,40,100,84.11,2.8,3.2,93.8,Private
2023,Maharastra,Annual,114,55.67,40,99,86.88,0.4,4.5,75.4,Private
2023,Maharastra,Annual,114,41.29,66,89,66.2,-1.9,3.4,75.6,Aided
2023,Maharastra,Annual,114,62.87,52,99,82.96,1.3,2.7,91.9,Government
2023,Maharastra,Annual,114,89.63,48,91,96.78,3.8,3,83.7,Private
2023,Maharastra,Annual,114,45.48,49,93,73.45,-3.4,3.8,93.6,Government
2023,Maharastra,Annual,114,92.98,61,85,57.95,-1.5,3.1,94.2,Private
2023,Maharastra,Annual,114,62.2,39,81,97.83,-1.4,3.7,94.1,Private
2023,Maharastra,Annual,114,50.29,33,83,50.83,4.8,3.2,96.1,Government
2023,Maharastra,Annual,114,84.29,42,98,63.23,-3.9,5,95.5,Private
2023,Maharastra,Annual,114,82.46,32,82,53.05,-1.1,3.9,90.9,Government
2023,Maharastra,Annual,114,86.58,36,84,69.26,3.3,4.1,88.6,Government
2023,Maharastra,Annual,114,93.37,65,84,64.82,0.8,2.7,81.2,Government
2023,Maharastra,Annual,114,77.18,36,97,53.03,-0.8,4.1,91.7,Government
2023,Maharastra,Annual,114,50.23,66,86,87.82,2.9,4.8,97.9,Private
2023,Maharastra,Annual,114,74.97,35,83,76.39,0.2,3.8,99.2,Government
2023,Maharastra,Annual,114,57.05,63,90,53.47,-0.8,2.5,87.8,Private
2023,Maharastra,Annual,114,68.77,66,91,99.35,-1,2.8,88.7,Government
2023,Maharastra,Annual,114,87.53,69,84,78.84,-1.8,2,75.3,Aided
2023,Maharastra,Annual,114,71.44,43,99,92.43,-0.4,3.3,82.5,Aided
2023,Maharastra,Annual,114,68.87,38,85,97.53,-3.5,3.5,92.5,Aided
2023,Maharastra,Annual,114,91.79,47,95,93.92,1.5,2.6,98.2,Aided
2023,Maharastra,Annual,114,70.1,60,99,56.33,-4.7,2.5,88.3,Private
2023,Maharastra,Annual,114,93.55,59,88,57.16,0.3,4.6,97.8,Private
2023,Maharastra,Annual,114,47.27,61,94,53.29,4.5,2.9,81.9,Aided
2023,Maharastra,Annual,114,84.22,56,95,75.99,1.5,5,90.6,Private
2023,Maharastra,Annual,114,62.29,46,92,79.29,0.6,2.7,96.5,Aided
2023,Maharastra,Annual,114,80.95,38,84,73.41,3.5,3.3,89.6,Aided
2023,Manipur,Quarterly,115,86.87,54,87,82.54,1.1,2.6,79.8,Aided
2023,Manipur,Quarterly,115,53.31,67,87,58.14,0.3,2.2,89.4,Aided
2023,Manipur,Quarterly,115,80.52,34,86,78.06,2.7,4.4,92.8,Private
2023,Manipur,Quarterly,115,61.23,67,95,68.03,-4.3,5,93.6,Government
2023,Manipur,Quarterly,115,73.67,47,81,92.81,-4.4,2.7,83.1,Government
2023,Manipur,Quarterly,115,89.81,55,100,79.55,-2,4.6,86.7,Private
2023,Manipur,Quarterly,115,59.11,54,87,55.52,-0.9,2.4,92.1,Private
2023,Manipur,Quarterly,115,74.06,64,94,99.41,2.3,2.1,80.3,Aided
2023,Manipur,Quarterly,115,59.14,52,82,73.22,0.9,2.1,78.3,Government
2023,Manipur,Quarterly,115,94.02,39,100,69.12,2.1,4,84.5,Aided
2023,Manipur,Quarterly,115,43.65,55,87,62.29,1.1,3.6,75.8,Private
2023,Manipur,Quarterly,115,57.24,63,92,83.67,-4.4,2.8,94.8,Private
2023,Manipur,Quarterly,115,70.87,59,99,93.11,4.7,3.7,81.1,Government
2023,Manipur,Quarterly,115,49.41,58,95,72.28,-4.6,4.5,97.7,Private
2023,Manipur,Quarterly,115,89.44,46,94,50.28,-1.4,3.5,84.9,Government
2023,Manipur,Quarterly,115,57.68,64,97,63.44,-4.3,3,99.2,Private
2023,Manipur,Quarterly,115,44.77,64,88,91.04,2.2,2.1,97.9,Private
2023,Manipur,Quarterly,115,50.83,69,83,50.82,-2.9,4.7,92,Government
2023,Manipur,Quarterly,115,63.6,53,82,60.5,1.5,3.9,90.9,Aided
2023,Manipur,Quarterly,115,87.86,61,96,91.39,4,2.2,94.2,Aided
2023,Manipur,Quarterly,115,61.39,37,99,78.25,0,3.6,97,Government
2023,Manipur,Quarterly,115,75.9,61,94,94.65,-2.3,3.1,83.1,Private
2023,Manipur,Quarterly,115,91.85,61,92,86.52,-2.9,4.9,89.4,Aided
2023,Manipur,Quarterly,115,53.78,41,99,86.92,2.3,2.2,95.5,Private
2023,Manipur,Quarterly,115,69.51,45,92,70.45,0.6,3.9,97,Government
2023,Manipur,Quarterly,115,66.55,36,93,71.02,0.8,3.3,77.1,Private
2023,Manipur,Quarterly,115,70.02,63,86,91.24,3.7,4.2,79.1,Private
2023,Manipur,Quarterly,115,50.34,68,80,56.44,-0.3,4.9,87.3,Aided
2023,Manipur,Quarterly,115,53.44,47,85,84.47,3.9,2.2,89.1,Private
2023,Manipur,Quarterly,115,69.72,37,97,77.32,-1.1,4.8,97.4,Private
2023,Manipur,Quarterly,115,88.02,43,81,69.15,-1,2.8,97.5,Aided
2023,Manipur,Quarterly,115,41.19,61,95,57.63,3.2,3.9,83.5,Private
2023,Manipur,Quarterly,115,65.36,36,94,69.42,3.1,2.5,92.7,Aided
2023,Manipur,Quarterly,115,74.95,36,89,67.65,-4.7,4.5,83.8,Government
2023,Manipur,Quarterly,115,91.97,62,87,89.41,-4.7,3.1,85.8,Government
2023,Manipur,Quarterly,115,77.89,56,99,92.37,1.2,4.7,78.6,Government
2023,Manipur,Quarterly,115,45.32,66,89,88.99,1.6,4.8,81.2,Private
2023,Manipur,Quarterly,115,73.6,45,97,66.1,2,2.7,75.9,Private
2023,Manipur,Quarterly,115,94.3,69,82,91.95,-0.3,3.5,97.6,Aided
2023,Manipur,Quarterly,115,69.92,45,93,79.63,2,2.3,99.8,Government
2023,Manipur,Quarterly,115,84.78,31,96,83.57,4.7,3.8,77.1,Aided
2023,Manipur,Quarterly,115,91.7,49,93,59.89,2.4,4.4,95.1,Aided
2023,Manipur,Quarterly,115,74.67,40,84,62.12,1.1,3.7,93,Private
2023,Manipur,Quarterly,115,53.62,66,97,66.48,0.8,4.5,97.9,Aided
2023,Manipur,Quarterly,115,83.87,51,91,60.47,0.6,3.1,88.7,Private
2023,Manipur,Quarterly,115,61.02,70,96,78.43,-4.8,2.2,82.6,Aided
2023,Manipur,Quarterly,115,55.99,38,81,81.59,1,4.3,84.9,Aided
2023,Manipur,Quarterly,115,89.05,31,88,72.97,3.6,3.3,77.9,Private
2023,Manipur,Quarterly,115,67.19,59,90,81.16,4.2,2.7,95.2,Private
2023,Manipur,Quarterly,115,83.55,70,85,51.53,-4.3,3.6,97.7,Private
2023,Manipur,Quarterly,115,47.79,68,96,59.11,-1.3,4.3,76.9,Private
2023,Manipur,Quarterly,115,68.87,50,91,79.05,3.4,2.7,76.8,Private
2023,Manipur,Quarterly,115,91.27,42,87,66.8,-1,2.6,77,Aided
2023,Manipur,Quarterly,115,83.24,62,88,62.17,3.7,3.2,82,Aided
2023,Manipur,Quarterly,115,75.08,41,100,80.75,-1.5,3.8,86,Aided
2023,Manipur,Quarterly,115,69.88,39,97,83.16,2.6,2.6,93,Government
2023,Manipur,Quarterly,115,92.95,39,84,79.38,1.2,2.9,91.3,Aided
2023,Manipur,Quarterly,115,65.17,54,86,99.07,-1.3,3.1,82.5,Private
2023,Manipur,Quarterly,115,63.98,48,92,59.21,-0.3,3.6,94.1,Aided
2023,Manipur,Quarterly,115,64.23,55,85,57.53,1,2.7,98.6,Aided
2023,Manipur,Quarterly,115,66.93,33,98,67.59,4,3.8,84.8,Government
2023,Manipur,Quarterly,115,82.98,59,97,76.88,-0.2,3.3,77.8,Private
2023,Manipur,Quarterly,115,56.52,37,95,81.31,-3.3,2.9,77.2,Private
2023,Manipur,Quarterly,115,51.61,36,99,63.31,-1.9,4.1,84.4,Aided
2023,Manipur,Quarterly,115,68.71,62,93,68.87,1.7,4,91.4,Aided
2023,Manipur,Quarterly,115,64.84,42,88,86.86,-3.3,4,82.7,Government
2023,Manipur,Quarterly,115,83.79,68,87,79.43,-1.4,3.5,90.9,Aided
2023,Manipur,Quarterly,115,88.64,41,92,72.31,-3.1,3.2,96.3,Aided
2023,Manipur,Quarterly,115,77.1,60,97,61.05,4.2,2.9,80.5,Private
2023,Manipur,Quarterly,115,51.42,47,85,72.4,-1.8,2.4,92.5,Private
2023,Manipur,Quarterly,115,43.33,54,80,60.35,1.2,4.1,76.8,Aided
2023,Manipur,Quarterly,115,54.32,69,91,59.93,4.4,3.6,80.9,Government
2023,Manipur,Quarterly,115,80.15,61,83,86.41,-2.5,2.6,90.3,Private
2023,Manipur,Quarterly,115,79.07,65,86,84.73,-0.5,2.4,91.1,Aided
2023,Manipur,Quarterly,115,58,38,85,89.69,3,3.8,82.1,Aided
2023,Manipur,Half Yearly,115,73.49,52,98,80.87,-3.8,4.6,97.2,Government
2023,Manipur,Half Yearly,115,70.34,30,98,93.59,3.7,4,94.3,Private
2023,Manipur,Half Yearly,115,94.88,48,94,67.35,-0.8,3,82.4,Government
2023,Manipur,Half Yearly,115,91.7,59,100,50.47,4.1,3,91.4,Government
2023,Manipur,Half Yearly,115,72.45,39,94,61.41,-0.3,4.6,77.6,Aided
2023,Manipur,Half Yearly,115,63.96,53,91,69.11,3.6,3.9,95,Private
2023,Manipur,Half Yearly,115,53.15,61,89,51.39,4.5,3.9,91.2,Private
2023,Manipur,Half Yearly,115,46.17,39,81,92.22,-3.9,4.1,87.2,Aided
2023,Manipur,Half Yearly,115,68.89,42,92,57.41,-3.3,2.4,98.5,Private
2023,Manipur,Half Yearly,115,73.37,35,94,99.69,1,4.9,95.2,Government
2023,Manipur,Half Yearly,115,78.81,66,99,97.49,-0.2,3.1,96.4,Private
2023,Manipur,Half Yearly,115,45.03,33,99,54.77,-1.2,3.2,88.7,Government
2023,Manipur,Half Yearly,115,55.07,66,99,57.13,-0.9,2.3,91.6,Government
2023,Manipur,Half Yearly,115,47.09,60,83,79.27,-0.5,2.1,82.4,Aided
2023,Manipur,Half Yearly,115,49.88,59,88,85.2,-2.7,3.2,78.1,Government
2023,Manipur,Half Yearly,115,67.83,69,81,82.13,4.3,3.6,76.7,Aided
2023,Manipur,Half Yearly,115,62.9,31,88,91.34,3.1,4.8,89.1,Government
2023,Manipur,Half Yearly,115,71.24,48,85,76.42,4,3.5,95.9,Government
2023,Manipur,Half Yearly,115,56.33,66,84,90.17,-1.7,3.6,99.8,Government
2023,Manipur,Half Yearly,115,48.05,63,82,71.95,-4.9,3.1,86.6,Private
2023,Manipur,Half Yearly,115,62.79,63,91,52.19,4.7,3.2,97.2,Government
2023,Manipur,Half Yearly,115,63.99,70,95,97.07,4.4,3.4,84.2,Private
2023,Manipur,Half Yearly,115,78.93,60,84,63.62,1.4,2.5,82.9,Government
2023,Manipur,Half Yearly,115,51,68,100,51.34,-4.8,3.1,77.1,Private
2023,Manipur,Half Yearly,115,74.33,40,98,54.32,-1.2,2.4,81.4,Government
2023,Manipur,Half Yearly,115,79.39,49,81,84.01,4,4.9,96.7,Aided
2023,Manipur,Half Yearly,115,46.39,52,87,50.96,-3.1,2.2,91.2,Government
2023,Manipur,Half Yearly,115,42.94,46,91,51.54,-4.3,3.7,78.2,Government
2023,Manipur,Half Yearly,115,72.64,42,84,80.6,-1.2,4.3,80.9,Aided
2023,Manipur,Half Yearly,115,45.44,39,92,92.75,-3.2,3.7,80.3,Government
2023,Manipur,Half Yearly,115,40.2,55,92,64.7,-3.2,5,93.8,Government
2023,Manipur,Half Yearly,115,71.68,56,80,59.22,-4.8,3.4,81.3,Government
2023,Manipur,Half Yearly,115,66.52,57,99,89.34,4.9,3.7,89.7,Private
2023,Manipur,Half Yearly,115,41.86,68,80,69.9,-3.7,3.2,95.2,Aided
2023,Manipur,Half Yearly,115,68.56,67,85,91.76,-0.6,4,89.5,Aided
2023,Manipur,Half Yearly,115,48.38,70,80,52.01,-0.1,3.4,92.1,Aided
2023,Manipur,Half Yearly,115,59.42,30,100,76.81,1,4.8,89.8,Government
2023,Manipur,Half Yearly,115,59.36,32,91,94.41,-5,3.3,98,Aided
2023,Manipur,Half Yearly,115,63.3,41,91,61.85,-3.3,4.4,84.4,Government
2023,Manipur,Half Yearly,115,72.69,69,96,90.86,1.1,4.8,91,Private
2023,Manipur,Half Yearly,115,45.06,66,84,65.62,-2.2,2.9,90.8,Private
2023,Manipur,Half Yearly,115,81.03,36,80,59.1,1,4.6,90.5,Private
2023,Manipur,Half Yearly,115,73.92,47,92,78.65,-3.9,3.9,86.8,Aided
2023,Manipur,Half Yearly,115,57.06,34,96,92.82,-1.3,2.9,79.4,Private
2023,Manipur,Half Yearly,115,84.88,44,84,82.31,-4.1,2.8,87,Private
2023,Manipur,Half Yearly,115,91.12,51,83,83.69,-4.6,3.1,88.3,Aided
2023,Manipur,Half Yearly,115,44.8,33,100,93.51,-3.9,2.6,91.4,Government
2023,Manipur,Half Yearly,115,93.69,43,96,99.16,4.4,3.5,76.1,Government
2023,Manipur,Half Yearly,115,58.04,48,96,57.58,-0.3,4.4,94.9,Government
2023,Manipur,Half Yearly,115,46.35,61,99,60.44,-2.4,4.1,96.2,Government
2023,Manipur,Half Yearly,115,91.59,35,82,98.69,3.4,2.1,84.7,Government
2023,Manipur,Half Yearly,115,93.41,33,99,64.65,0.5,2.9,76.7,Government
2023,Manipur,Half Yearly,115,76.59,50,88,76.84,-1.1,2.6,85.8,Private
2023,Manipur,Half Yearly,115,41.4,67,94,54.95,-1.6,3.4,77.7,Aided
2023,Manipur,Half Yearly,115,47.83,59,89,87.23,1.5,2.8,80.7,Private
2023,Manipur,Half Yearly,115,72.06,50,85,86.17,-4.8,3.7,81,Aided
2023,Manipur,Half Yearly,115,64.48,49,97,91.2,-2.5,4.1,91.1,Aided
2023,Manipur,Half Yearly,115,77.65,64,85,64.25,-2.8,3.9,85.6,Private
2023,Manipur,Half Yearly,115,72.15,56,92,51.25,0.6,2.1,96.2,Aided
2023,Manipur,Half Yearly,115,86.94,64,94,53.92,1,3.9,80.5,Government
2023,Manipur,Half Yearly,115,40.2,42,83,67.45,4.4,2.1,96.9,Private
2023,Manipur,Half Yearly,115,86.33,42,80,54.96,0.4,4.4,81.6,Aided
2023,Manipur,Half Yearly,115,55.8,69,81,78.87,-3.7,2.9,78.8,Aided
2023,Manipur,Half Yearly,115,54.15,59,85,75.04,-2.3,2.5,83.3,Aided
2023,Manipur,Half Yearly,115,46.26,43,91,79.79,-1.3,2.7,93,Private
2023,Manipur,Half Yearly,115,58.35,45,93,50.28,2,2,83.2,Aided
2023,Manipur,Half Yearly,115,74.69,55,95,85.96,2.8,3.1,75.9,Private
2023,Manipur,Half Yearly,115,90.57,30,90,86.53,2.5,3.3,83.9,Government
2023,Manipur,Half Yearly,115,69.68,38,87,95.51,-5,2,75.1,Government
2023,Manipur,Half Yearly,115,74.09,36,82,66.91,4.8,4,90.9,Private
2023,Manipur,Half Yearly,115,77.38,32,86,71.3,3.2,2.2,79.1,Government
2023,Manipur,Half Yearly,115,46.49,32,85,79.09,0.5,2.8,85.7,Government
2023,Manipur,Half Yearly,115,71.28,61,99,52.93,-2.9,4.6,99.6,Government
2023,Manipur,Annual,115,64.77,49,80,62.19,4.5,3.3,78.8,Private
2023,Manipur,Annual,115,60.21,50,92,93.84,-2.3,4.2,97,Aided
2023,Manipur,Annual,115,42.92,37,99,78.16,4.3,2.2,85.5,Government
2023,Manipur,Annual,115,78.37,32,99,79.32,4.5,3,81.5,Aided
2023,Manipur,Annual,115,71.41,55,90,75.62,2,3.6,75.1,Private
2023,Manipur,Annual,115,91.3,55,80,66.43,-1.2,3.7,89.8,Private
2023,Manipur,Annual,115,70.8,50,86,50.35,0,3,85.2,Private
2023,Manipur,Annual,115,67.09,51,93,64.46,-3.2,3.6,95.1,Private
2023,Manipur,Annual,115,42.73,70,93,77.37,2.8,2.2,85.8,Aided
2023,Manipur,Annual,115,44.42,30,98,95.29,2,4.9,93.1,Private
2023,Manipur,Annual,115,43.51,39,80,70.55,4.7,4.3,84,Private
2023,Manipur,Annual,115,76.15,49,89,92.78,3.7,4,89,Aided
2023,Manipur,Annual,115,84.22,55,86,50.43,4.5,2.2,93.9,Private
2023,Manipur,Annual,115,68.37,56,98,64.54,0.2,4.4,87.5,Government
2023,Manipur,Annual,115,70.92,50,94,51.57,-0.2,2,77.1,Private
2023,Manipur,Annual,115,74.11,54,94,82.46,2.8,3.7,87.9,Aided
2023,Manipur,Annual,115,45.12,54,87,51.96,-0.7,4,85,Private
2023,Manipur,Annual,115,51.94,63,90,60.78,-4.8,3.6,77.1,Private
2023,Manipur,Annual,115,67.6,36,88,96.58,-2.7,2.6,79.5,Aided
2023,Manipur,Annual,115,50.11,55,82,98.12,2.1,3.6,82.5,Aided
2023,Manipur,Annual,115,64.9,52,84,77.51,4.3,4.3,75.5,Private
2023,Manipur,Annual,115,68.9,37,83,67.49,-0.7,2.8,89.6,Government
2023,Manipur,Annual,115,73.07,37,83,66.1,3.1,2.3,84.2,Private
2023,Manipur,Annual,115,82.86,41,95,80.71,2.9,4.9,99.6,Government
2023,Manipur,Annual,115,52.03,31,90,88.29,0.8,2.3,80.3,Aided
2023,Manipur,Annual,115,56.21,51,100,58.03,-0.5,2.9,94.1,Private
2023,Manipur,Annual,115,70.93,50,94,78.2,4.1,4.3,96,Government
2023,Manipur,Annual,115,94.84,67,96,84.97,-4.6,2.6,77.2,Government
2023,Manipur,Annual,115,75.32,54,97,80.36,3.1,2,93.6,Government
2023,Manipur,Annual,115,93.62,36,96,81.9,3.9,2.8,76,Aided
2023,Manipur,Annual,115,52.47,37,85,50.36,2.8,2.6,82.3,Government
2023,Manipur,Annual,115,72,66,90,71.7,1,2.1,75.9,Aided
2023,Manipur,Annual,115,44.13,41,98,54.04,-4.1,4.3,77.4,Government
2023,Manipur,Annual,115,60.73,69,87,68.44,-2.5,4.8,84,Government
2023,Manipur,Annual,115,43.13,38,80,58.55,-1.2,3.5,93.3,Aided
2023,Manipur,Annual,115,48.39,42,86,67.28,0.8,2.7,83.9,Private
2023,Manipur,Annual,115,66.07,49,98,62.03,-1.7,4.4,82.1,Aided
2023,Manipur,Annual,115,58.73,43,82,93.43,-1.7,3,84.1,Private
2023,Manipur,Annual,115,50.2,64,93,65.26,-4.8,3.3,93.2,Private
2023,Manipur,Annual,115,64.82,46,87,51.6,-2.5,2.1,80.9,Government
2023,Manipur,Annual,115,53.42,57,99,81.24,-2.3,3.3,82.6,Aided
2023,Manipur,Annual,115,51.22,49,85,87.48,4.9,2.2,90.9,Aided
2023,Manipur,Annual,115,63.77,35,84,54.74,1.1,4.8,86.8,Private
2023,Manipur,Annual,115,85.96,70,84,53.93,2.7,4.1,98.5,Aided
2023,Manipur,Annual,115,50.96,52,89,66.47,2.7,3.7,94.6,Aided
2023,Manipur,Annual,115,68.39,44,96,74.58,4.5,3.8,75.3,Private
2023,Manipur,Annual,115,46.71,61,83,65.11,1.8,3.3,77.7,Private
2023,Manipur,Annual,115,64.59,44,91,76.78,1.4,2.3,93.9,Aided
2023,Manipur,Annual,115,53.62,49,91,83.94,0.1,3.9,87.4,Private
2023,Manipur,Annual,115,62.67,60,82,79.98,-0.2,4.9,85.7,Private
2023,Manipur,Annual,115,87.57,52,97,93.71,0.5,4.4,76.6,Private
2023,Manipur,Annual,115,94.99,68,83,64.2,-4.1,2.2,88.2,Government
2023,Manipur,Annual,115,83.37,30,93,61.22,-3.2,2.7,93.9,Government
2023,Manipur,Annual,115,86.93,38,86,84.71,4.3,4.8,99,Private
2023,Manipur,Annual,115,92.06,59,94,97.83,4.2,4.3,83.6,Private
2023,Manipur,Annual,115,65.03,46,97,85.2,-2.3,4.2,90.4,Government
2023,Manipur,Annual,115,87.34,66,81,78.04,2.3,2.7,80.9,Private
2023,Manipur,Annual,115,69.12,58,88,97.21,-3.8,5,84.2,Aided
2023,Manipur,Annual,115,43.06,67,87,60.3,-0.6,4.3,94.3,Aided
2023,Manipur,Annual,115,81.45,58,92,56.18,0.2,2,93.2,Government
2023,Manipur,Annual,115,57.75,51,92,96.26,-1.2,3.9,88.5,Private
2023,Manipur,Annual,115,92.4,38,98,61.17,1.7,2.8,85.1,Private
2023,Manipur,Annual,115,40.85,44,87,60.2,0,3.3,75.1,Private
2023,Telangana,Quarterly,124,62.73,43,100,67.37,2.3,4.4,83,Government
2023,Telangana,Quarterly,124,88.39,62,99,81.46,0.4,3.2,86.6,Government
2023,Telangana,Quarterly,124,93.24,40,92,51.93,-1.9,3.3,96.2,Private
2023,Telangana,Quarterly,124,42.12,34,89,99.85,-0.6,2.7,85.8,Aided
2023,Telangana,Quarterly,124,76,39,81,81.02,4,4.8,96.6,Aided
2023,Telangana,Quarterly,124,61.1,58,85,77.04,0.7,4.7,78.2,Government
2023,Telangana,Quarterly,124,44.68,40,95,86.56,0.9,2.2,76.1,Government
2023,Telangana,Quarterly,124,56.17,46,96,64.72,2.8,3.8,87.6,Government
2023,Telangana,Quarterly,124,89.38,61,99,76.22,-1.1,2.3,76.3,Aided
2023,Telangana,Quarterly,124,76.06,64,96,70.63,0.6,2.1,99.3,Private
2023,Telangana,Quarterly,124,41.06,50,82,77.01,-3.3,2.7,86.6,Private
2023,Telangana,Quarterly,124,52.4,41,88,98.11,-1.3,4.1,79.7,Government
2023,Telangana,Quarterly,124,45.74,56,96,50.72,-1.8,2.7,90.9,Aided
2023,Telangana,Quarterly,124,62.03,36,92,53.62,3.8,3.5,84.5,Private
2023,Telangana,Quarterly,124,57.27,41,99,75.05,0.9,3,92.8,Private
2023,Telangana,Quarterly,124,72.83,41,83,84.01,-3.8,4.3,75.3,Aided
2023,Telangana,Quarterly,124,69.29,34,90,92.39,2.7,5,77.6,Government
2023,Telangana,Quarterly,124,85.54,55,86,85.16,-1.6,3.7,93.2,Private
2023,Telangana,Quarterly,124,49.47,37,96,99.43,4.2,3.3,96.4,Private
2023,Telangana,Quarterly,124,77.65,31,96,50.65,-0.2,3.3,75.3,Aided
2023,Telangana,Quarterly,124,59.62,36,83,98.14,4.8,3.8,79.4,Government
2023,Telangana,Quarterly,124,45.86,58,80,93.75,-1.8,3.5,93.7,Aided
2023,Telangana,Quarterly,124,49.64,47,87,65.82,0.8,4.4,93.1,Private
2023,Telangana,Quarterly,124,57.07,49,93,88.45,-0.9,4.2,85.9,Private
2023,Telangana,Quarterly,124,55.76,43,95,77.54,3.2,2.7,88.2,Government
2023,Telangana,Quarterly,124,54.59,65,94,86.44,-0.1,5,85.8,Aided
2023,Telangana,Quarterly,124,55.33,38,100,52.68,-1.9,2.7,98.7,Private
2023,Telangana,Half Yearly,124,60.98,65,82,57.76,0.4,4.7,96,Government
2023,Telangana,Half Yearly,124,42.36,61,80,96.54,2.1,2.3,79.7,Aided
2023,Telangana,Half Yearly,124,44.24,63,91,90.83,-1.3,2.5,88.7,Aided
2023,Telangana,Half Yearly,124,47.48,57,98,70.42,-2.7,2.8,100,Government
2023,Telangana,Half Yearly,124,79.28,61,100,74.57,-4.2,3,93.3,Aided
2023,Telangana,Half Yearly,124,50.54,43,96,68.95,2.2,2.2,96.2,Aided
2023,Telangana,Half Yearly,124,52.84,32,97,66.53,2.1,4.9,80.8,Private
2023,Telangana,Half Yearly,124,92.31,62,88,88.02,4.9,2.2,95.9,Government
2023,Telangana,Half Yearly,124,63.43,45,99,53.39,1.7,4.3,86.7,Government
2023,Telangana,Half Yearly,124,55.17,50,89,54.41,-1.4,4.9,95.8,Aided
2023,Telangana,Half Yearly,124,44.17,67,91,83.01,3,3.9,99.4,Government
2023,Telangana,Half Yearly,124,58.16,60,87,69.81,3.9,3.9,98.2,Government
2023,Telangana,Half Yearly,124,74.08,33,86,98.28,-3.9,4.3,93.1,Aided
2023,Telangana,Half Yearly,124,93.73,36,88,52.27,-2.1,3.9,82.9,Private
2023,Telangana,Half Yearly,124,64.72,45,85,66.44,-4,4.8,96.1,Government
2023,Telangana,Half Yearly,124,62.22,31,100,55.29,3,2.9,76.6,Aided
2023,Telangana,Half Yearly,124,59.69,45,83,86.89,3.7,4.3,98.6,Government
2023,Telangana,Half Yearly,124,81.32,34,94,76.46,3.1,2.1,96.8,Private
2023,Telangana,Half Yearly,124,79.32,34,96,90.87,1.2,2.2,84.2,Government
2023,Telangana,Half Yearly,124,48.51,47,98,71.41,0.4,4.6,81.7,Government
2023,Telangana,Half Yearly,124,57.7,50,86,63.7,-0.1,2.6,75.6,Aided
2023,Telangana,Half Yearly,124,78.41,40,85,71.57,0.3,3,97.4,Aided
2023,Telangana,Half Yearly,124,53.83,38,95,96.28,-4.2,2.4,88.8,Government
2023,Telangana,Half Yearly,124,52.86,58,93,82.52,2.7,3.8,79.8,Government
2023,Telangana,Half Yearly,124,67.36,56,100,64.54,-3.6,3.9,89.6,Private
2023,Telangana,Half Yearly,124,72.02,30,90,63.05,4.9,4.4,98.9,Government
2023,Telangana,Half Yearly,124,93.72,52,90,83.92,3.3,3.4,77.8,Aided
2023,Telangana,Half Yearly,124,81.49,38,99,82.87,-3.5,2.3,76.8,Private
2023,Telangana,Half Yearly,124,58.1,65,87,82.02,-3.5,4.1,92.2,Government
2023,Telangana,Half Yearly,124,64.27,47,82,97.96,3.5,2.5,93,Government
2023,Telangana,Half Yearly,124,66.74,44,93,71.42,1.9,4.7,77.8,Aided
2023,Telangana,Half Yearly,124,64.8,62,99,55.02,-2.8,2.7,81.6,Private
2023,Telangana,Half Yearly,124,50.8,54,87,70.63,-0.7,2.4,92.7,Government
2023,Telangana,Half Yearly,124,89.44,68,95,89.7,4.6,4.7,84.4,Private
2023,Telangana,Half Yearly,124,85.51,57,100,77.86,3.8,2.7,91.2,Aided
2023,Telangana,Half Yearly,124,92.04,65,82,60.31,4.9,2,85.5,Aided
2023,Telangana,Half Yearly,124,91.34,31,91,78.77,-3.7,2.1,78.1,Aided
2023,Telangana,Half Yearly,124,71.73,30,83,80.04,2,3.7,99.2,Government
2023,Telangana,Half Yearly,124,61.77,38,96,52.27,4,2.1,80.4,Aided
2023,Telangana,Half Yearly,124,43.41,43,95,99.79,-1.6,4.3,83.9,Aided
2023,Telangana,Half Yearly,124,48.77,68,93,58.15,-0.5,4.4,77.2,Private
2023,Telangana,Half Yearly,124,75.77,40,88,59.37,-4.7,2.8,99.2,Government
2023,Telangana,Half Yearly,124,64.09,60,90,55.41,4.4,4.6,79.4,Private
2023,Telangana,Half Yearly,124,56.66,70,99,78.2,-0.5,4.8,94.8,Government
2023,Telangana,Half Yearly,124,52.96,67,86,98.78,3.2,4.7,96.5,Private
2023,Telangana,Half Yearly,124,47.96,67,87,91.84,-4.8,4,93.6,Private
2023,Telangana,Half Yearly,124,66.14,38,92,50.04,-2.9,2,77,Private
2023,Telangana,Annual,124,55.74,31,92,70.64,3.1,4.2,83.5,Private
2023,Telangana,Annual,124,86.97,67,94,70.75,-2.6,3.7,96.4,Private
2023,Telangana,Annual,124,77.56,68,81,65.52,-4.9,3.7,97,Aided
2023,Telangana,Annual,124,46.56,37,86,80.27,-2.6,4,99.3,Government
2023,Telangana,Annual,124,78.31,37,95,58.99,0.1,4.1,89.7,Government
2023,Telangana,Annual,124,63.7,45,80,92.03,-0.6,3.2,86.4,Government
2023,Telangana,Annual,124,71.42,31,100,60.27,1,3.2,87.1,Government
2023,Telangana,Annual,124,40.11,69,97,81.8,2.9,3.9,92.3,Government
2023,Telangana,Annual,124,67.75,31,95,55.91,1.7,3,82.4,Private
2023,Telangana,Annual,124,68.79,58,93,77.81,3.4,5,96.8,Aided
2023,Telangana,Annual,124,53.68,41,89,58.42,-3.6,2.6,75.2,Government
2023,Telangana,Annual,124,53.74,31,91,82.76,2.6,2.6,76.7,Aided
2023,Telangana,Annual,124,93.16,39,91,57.36,1,4.7,91.9,Private
2023,Telangana,Annual,124,57.72,46,97,58.08,2.3,3,75.9,Government
2023,Telangana,Annual,124,82.82,66,90,80.18,-1.6,3.8,95.7,Government
2023,Telangana,Annual,124,56.04,69,93,63.78,1.3,2.7,83.6,Private
2023,Telangana,Annual,124,41,37,98,52.5,-2.3,3.3,76,Aided
2023,Telangana,Annual,124,88.42,37,93,92.35,-4.3,3.3,82.6,Government
2023,Telangana,Annual,124,57.95,70,88,78.67,3.5,4.1,84.6,Private
2023,Telangana,Annual,124,89.38,42,90,92.25,-3.7,2.8,82.6,Government
2023,Telangana,Annual,124,83.44,31,90,92.72,-0.3,3.1,89.8,Aided
2023,Telangana,Annual,124,54.24,46,90,81.87,-2.6,3.1,99.1,Government
2023,Telangana,Annual,124,68.2,68,89,50.61,4.7,2.3,91.2,Aided
2023,Telangana,Annual,124,75.24,47,95,94.18,-2.9,3.5,82.6,Private
2023,Telangana,Annual,124,60.36,59,100,82.75,-4.5,3.3,94.8,Aided
2023,Telangana,Annual,124,78.16,56,86,78.8,0.1,3.6,82.7,Private
2023,Telangana,Annual,124,67.78,58,95,83.42,0.6,3.6,82.8,Government
2023,Telangana,Annual,124,80.89,61,91,68.66,3.7,2.2,78.9,Government
2023,Telangana,Annual,124,56.35,55,90,73.43,-4,4.5,89.6,Private
2023,Telangana,Annual,124,52.1,64,85,73.44,-3.8,4.8,93.3,Government
2023,Telangana,Annual,124,45.11,36,90,93.84,-1.3,4.7,94.7,Government
2023,Telangana,Annual,124,89.39,49,92,73.26,0.1,4.3,78.8,Aided
2023,Telangana,Annual,124,69.51,51,85,61.03,-4.8,3.7,79.9,Private
2023,Telangana,Annual,124,48.43,44,96,99.91,-4.5,2.2,76.6,Aided
2023,Telangana,Annual,124,44.14,48,91,58.81,-2.8,2.1,86.5,Aided
2023,Telangana,Annual,124,45.02,54,100,52.9,-1.9,2.9,80.9,Private
2023,Telangana,Annual,124,77.97,61,90,65.83,3.7,3.6,99.5,Aided
2023,Telangana,Annual,124,77.29,60,92,80.72,3.9,2,88.3,Aided
2023,Telangana,Annual,124,71.64,39,89,98.35,-1.4,4.8,85.5,Aided
2023,Telangana,Annual,124,65.39,33,81,77.23,4.4,4.1,92.3,Private
2023,Telangana,Annual,124,86.15,41,96,60.74,-4.1,2.7,89.1,Private
2023,Telangana,Annual,124,54,47,84,69.36,-3.6,3.1,78.7,Government
2023,Telangana,Annual,124,70.24,53,93,92.49,-1.2,3.4,97.2,Aided
2023,Telangana,Annual,124,61.66,32,88,94,0.3,3.7,88.8,Aided
2023,Telangana,Annual,124,41.01,69,92,93.98,3.2,2.9,92.5,Aided
2023,Telangana,Annual,124,44.08,70,98,86.39,-0.9,4.8,93,Aided
2023,Telangana,Annual,124,64.9,68,96,73.8,2.1,3.6,90.8,Aided
2023,Telangana,Annual,124,82.39,42,91,52.6,-3,3,94.8,Government
2023,Telangana,Annual,124,42.98,66,86,78.09,-1.4,5,97.9,Government
2023,Telangana,Annual,124,52.6,61,93,52.58,-3.5,4.7,91,Private
2023,Telangana,Annual,124,57.67,33,90,54.62,3,3.1,77.6,Government
2023,Telangana,Annual,124,54.36,53,98,87.12,3,3.3,80.9,Aided
2023,Telangana,Annual,124,73.72,58,92,99.62,1.6,3.5,93,Aided
2023,Telangana,Annual,124,88,32,85,76.45,1.7,2.5,77.2,Private
2023,Telangana,Annual,124,61.31,37,85,84.51,-0.1,4.4,77,Private
2023,Telangana,Annual,124,66.78,39,95,97.38,2.6,4.3,82.5,Aided
2023,Telangana,Annual,124,73.8,54,98,82.12,2.7,4.3,97.1,Aided
2023,Telangana,Annual,124,61.55,48,98,90.2,3.5,2.8,84.1,Aided
2023,Telangana,Annual,124,56.26,49,99,54.71,-3.3,4.8,97.7,Private
2023,Telangana,Annual,124,52.88,52,100,78.2,-3.8,5,78.2,Private
2023,Telangana,Annual,124,90.52,35,99,56.8,3.6,4.9,79.5,Aided
2023,Telangana,Annual,124,73.71,53,88,55.17,0.8,4.1,82,Private
2023,Telangana,Annual,124,48.41,36,92,86.2,-2.9,4.5,76.6,Aided
2023,Telangana,Annual,124,42.92,58,80,62.71,3.9,3.1,88.3,Government
2023,Telangana,Annual,124,40.62,32,87,56.46,-1.9,2.7,82.7,Aided
2023,Telangana,Annual,124,64.9,59,100,88.29,3.7,2.5,84.5,Government
2023,Telangana,Annual,124,47.38,53,91,59.83,-4,2.2,78.6,Government
2023,Telangana,Annual,124,56.71,46,85,82.56,-1,4.6,88.7,Government
2023,Telangana,Annual,124,72.79,44,81,63.45,-0.5,2.6,78.9,Private
2023,Telangana,Annual,124,59.2,48,92,51.14,-3,2.3,85.1,Private
2023,Telangana,Annual,124,64.66,59,84,59.93,2.8,4.3,82.6,Aided
2023,Telangana,Annual,124,74.32,64,99,75.76,-4.9,4.6,76.3,Aided
2023,Telangana,Annual,124,58.65,43,92,58.61,1.9,2.7,94,Aided
2023,Telangana,Annual,124,47.57,56,93,97.61,-1.2,2.5,78.5,Government
2023,Telangana,Annual,124,71.6,60,85,56.09,-3.7,2.7,86.3,Government
2023,Telangana,Annual,124,60.18,63,100,79.98,2.2,4.4,82.1,Government
2023,Telangana,Annual,124,89.53,60,97,91.49,-2.2,4.2,85.6,Private
2023,Telangana,Annual,124,44.75,45,98,91.09,0.8,4.9,82.8,Aided
2023,Telangana,Annual,124,81.45,37,92,69.86,-4,2.3,97.9,Government
2023,Telangana,Annual,124,55.24,59,89,70.56,-3.5,3.1,85.1,Aided
2023,Telangana,Annual,124,40.44,33,89,80.9,-2.4,3.8,75.8,Aided
2023,Telangana,Annual,124,60.72,31,89,56.18,4.7,3.9,91.7,Private
2023,Telangana,Annual,124,69.36,34,97,96.28,-3.7,4.1,91.7,Government
2023,Telangana,Annual,124,50.77,59,97,97.77,3.6,3.4,96,Government
2023,Telangana,Annual,124,50.83,35,100,86.34,3.2,2.1,85.2,Private
2023,Telangana,Annual,124,92.46,56,80,98.05,2.6,2.7,89.2,Government
2023,Telangana,Annual,124,57.4,57,97,71.21,2.8,2.6,79.5,Government
2024,Maharastra,Quarterly,114,74.71,55,86,95.94,1.7,3.4,78.1,Government
2024,Maharastra,Quarterly,114,75.87,43,98,65.5,2.1,2.9,82.6,Private
2024,Maharastra,Quarterly,114,82.2,53,99,53.17,3.4,4.5,76,Government
2024,Maharastra,Quarterly,114,61.61,60,92,72.31,3.7,2.3,93.7,Private
2024,Maharastra,Quarterly,114,69.07,40,88,74.56,-4.9,3.4,87.8,Government
2024,Maharastra,Quarterly,114,88.47,49,84,67.78,2.7,3.5,89.4,Aided
2024,Maharastra,Quarterly,114,62.67,46,82,91.37,-4.3,4.9,93.5,Private
2024,Maharastra,Quarterly,114,60.05,51,86,86.57,4.1,2.5,97.3,Aided
2024,Maharastra,Quarterly,114,59.45,61,98,62.69,3.5,4.1,89,Aided
2024,Maharastra,Quarterly,114,58.84,36,96,56.36,-2.8,3.4,81.7,Private
2024,Maharastra,Quarterly,114,73.89,60,99,54.25,-4.6,3.4,84.9,Government
2024,Maharastra,Quarterly,114,63.76,47,90,82.44,-1.4,2.7,79.9,Aided
2024,Maharastra,Quarterly,114,78.62,56,89,54.77,-4.8,2,75,Private
2024,Maharastra,Quarterly,114,82.8,36,80,67.23,1.8,5,78.7,Aided
2024,Maharastra,Quarterly,114,42.19,57,86,99.26,2.3,4.8,85.7,Government
2024,Maharastra,Quarterly,114,46.16,30,82,78.45,2.5,4,76.8,Aided
2024,Maharastra,Quarterly,114,81.7,57,84,92.47,1.2,2.7,93.4,Private
2024,Maharastra,Quarterly,114,78.58,66,100,88.5,-4.1,4.9,96.8,Government
2024,Maharastra,Quarterly,114,70.65,38,93,86.85,2.7,2.2,97.4,Government
2024,Maharastra,Quarterly,114,93.26,33,90,86.48,-1.9,3.6,78.2,Aided
2024,Maharastra,Quarterly,114,41.99,55,99,93.95,3.6,4.2,97,Aided
2024,Maharastra,Quarterly,114,62.24,57,88,61.44,2,2.7,93.9,Aided
2024,Maharastra,Quarterly,114,76.53,60,90,84.65,3,4.6,99,Private
2024,Maharastra,Quarterly,114,62.66,54,85,61.89,2.3,2.1,85.6,Government
2024,Maharastra,Quarterly,114,66.92,67,81,94.12,-2.5,4.1,93.2,Aided
2024,Maharastra,Quarterly,114,78.03,45,99,84.22,-3.5,3.1,97.9,Private
2024,Maharastra,Quarterly,114,74.51,44,84,51.1,-2.2,3.9,89.3,Aided
2024,Maharastra,Quarterly,114,69.38,69,94,59.54,1.8,4,80.2,Aided
2024,Maharastra,Quarterly,114,44.42,38,83,66.93,2.2,4.9,83.5,Government
2024,Maharastra,Quarterly,114,70.34,41,80,86.78,0,3.8,90.3,Private
2024,Maharastra,Quarterly,114,66.9,58,82,50.7,-4,4.8,82,Private
2024,Maharastra,Quarterly,114,46.92,63,99,79.95,4,2.9,94,Private
2024,Maharastra,Quarterly,114,69.75,70,96,63.13,1.3,3.4,76.9,Aided
2024,Maharastra,Quarterly,114,76.19,67,90,63.76,2.4,4.4,80.5,Aided
2024,Maharastra,Quarterly,114,42.83,47,99,87.83,4,4.5,81.1,Government
2024,Maharastra,Quarterly,114,45.34,55,85,58.4,2.6,2.1,76.4,Government
2024,Maharastra,Quarterly,114,62.02,46,89,56.45,3.3,4.5,86.7,Aided
2024,Maharastra,Quarterly,114,70.49,69,86,68.78,4.6,4,98.3,Private
2024,Maharastra,Quarterly,114,93.42,46,87,87.84,-1.2,2.1,94.1,Government
2024,Maharastra,Quarterly,114,78.95,68,91,60.56,-4.3,2.6,90.8,Aided
2024,Maharastra,Quarterly,114,67.01,37,85,86.69,-0.4,4.2,90.6,Private
2024,Maharastra,Quarterly,114,81.21,34,98,53.63,-4.3,2.7,75.4,Private
2024,Maharastra,Quarterly,114,62.67,39,98,86.04,0.5,2,75.5,Government
2024,Maharastra,Quarterly,114,82.02,62,99,60.94,-1.4,2.8,98.4,Aided
2024,Maharastra,Quarterly,114,43.84,44,98,59.43,-2.6,2.5,76.2,Private
2024,Maharastra,Quarterly,114,93.87,69,90,78.22,-0.9,4.3,79.2,Private
2024,Maharastra,Quarterly,114,55.34,32,100,75.57,-0.8,4.3,76.9,Private
2024,Maharastra,Quarterly,114,43.98,34,81,97.54,-2,2.4,86.4,Private
2024,Maharastra,Quarterly,114,93.4,48,96,53.17,-4.1,2.7,75.6,Private
2024,Maharastra,Quarterly,114,79.58,63,93,95.68,1.1,4.5,75.3,Aided
2024,Maharastra,Quarterly,114,65.14,60,90,88.71,-1.6,3,92.5,Private
2024,Maharastra,Quarterly,114,75.18,63,84,64.55,-1,4,75,Aided
2024,Maharastra,Quarterly,114,87.37,40,98,60.86,1.1,3,81.4,Government
2024,Maharastra,Quarterly,114,80.37,69,100,88.48,4.9,2.2,88.4,Aided
2024,Maharastra,Quarterly,114,86.87,41,100,57.14,-3.4,4.4,90.7,Government
2024,Maharastra,Quarterly,114,41.51,42,82,93.48,-4.2,4,82.3,Government
2024,Maharastra,Quarterly,114,86.94,62,92,92.1,-3.9,2.5,95.1,Aided
2024,Maharastra,Quarterly,114,78.99,52,92,66.25,4.5,2.3,81.9,Private
2024,Maharastra,Quarterly,114,69.47,50,83,77.29,-2.5,3.3,82.8,Aided
2024,Maharastra,Quarterly,114,72.18,33,90,63.31,-1.7,3.4,88.6,Government
2024,Maharastra,Quarterly,114,65.67,41,86,59.79,4.3,4,83.8,Government
2024,Maharastra,Quarterly,114,66.04,61,98,79.36,-2.5,3.9,88.8,Government
2024,Maharastra,Quarterly,114,77.03,33,88,66.83,-0.5,3.9,81.5,Government
2024,Maharastra,Quarterly,114,45.54,67,93,84.87,4.2,3,98.2,Aided
2024,Maharastra,Quarterly,114,55.73,48,80,59.48,1.3,3.9,77.8,Private
2024,Maharastra,Quarterly,114,64.19,40,87,52.93,-0.2,3.1,76.5,Aided
2024,Maharastra,Quarterly,114,60.95,60,92,55.39,0.1,2.8,88.6,Aided
2024,Maharastra,Quarterly,114,66.6,56,95,58.49,-1.7,2.2,79.6,Aided
2024,Maharastra,Quarterly,114,67.09,68,96,84.63,2.7,2.5,79.1,Aided
2024,Maharastra,Quarterly,114,49.06,62,81,75.91,-2.6,4.9,90.7,Aided
2024,Maharastra,Quarterly,114,57.01,68,91,88.42,-1,3.7,84.1,Government
2024,Maharastra,Quarterly,114,61.29,34,100,75.84,-3,2.7,85.6,Private
2024,Maharastra,Quarterly,114,70.88,48,96,78.62,1.6,2.7,91.7,Private
2024,Maharastra,Quarterly,114,87.59,38,89,79.95,2,4.9,92.9,Government
2024,Maharastra,Quarterly,114,62.85,30,86,86.82,1.7,2.6,87.6,Aided
2024,Maharastra,Quarterly,114,44.74,30,100,63.98,-1,4.7,93.2,Government
2024,Maharastra,Quarterly,114,41.47,52,99,61.14,3.1,3,92.7,Private
2024,Maharastra,Quarterly,114,90.41,46,95,96.87,-2.3,2.1,82.5,Aided
2024,Maharastra,Quarterly,114,62.38,32,85,91.98,4.5,3.5,79.2,Private
2024,Maharastra,Quarterly,114,69.08,39,84,74.52,-2.6,4.5,95.4,Private
2024,Maharastra,Quarterly,114,71.3,39,90,72.13,-3.8,3.9,77,Private
2024,Maharastra,Quarterly,114,45.05,65,85,62.46,-1.9,2.5,99.9,Aided
2024,Maharastra,Quarterly,114,89.27,67,84,81.57,-1.3,2.6,94.2,Private
2024,Maharastra,Quarterly,114,45.1,57,83,54.69,1.2,4.2,90,Private
2024,Maharastra,Quarterly,114,73.65,52,87,92.71,-4.2,3.1,76.8,Aided
2024,Maharastra,Half Yearly,114,58.34,49,80,90.19,4.5,3.8,84.4,Private
2024,Maharastra,Half Yearly,114,52.66,63,81,55.74,3.4,3.2,96.5,Aided
2024,Maharastra,Half Yearly,114,79.47,39,82,61.75,0.3,4.5,93.1,Government
2024,Maharastra,Half Yearly,114,78.94,37,96,63.25,4,3.2,82.8,Aided
2024,Maharastra,Half Yearly,114,63.71,53,83,96.76,-1.7,2.5,88.9,Private
2024,Maharastra,Half Yearly,114,85.02,50,86,61.04,1.9,4,78.4,Private
2024,Maharastra,Half Yearly,114,84.29,32,83,96.32,-1.7,4.2,78.1,Aided
2024,Maharastra,Half Yearly,114,43.09,51,90,83.66,-3.1,4.5,81,Private
2024,Maharastra,Half Yearly,114,46.06,53,81,53.12,3.1,4.3,92.1,Aided
2024,Maharastra,Half Yearly,114,46,61,85,81.1,1.7,3.9,76.6,Government
2024,Maharastra,Half Yearly,114,65.09,40,88,72.75,-4.7,4.6,90.7,Government
2024,Maharastra,Half Yearly,114,92.04,30,91,99.4,3.3,2.9,81.1,Aided
2024,Maharastra,Half Yearly,114,62.72,39,96,53.43,-4.4,4.5,91.6,Government
2024,Maharastra,Half Yearly,114,43.43,45,99,83.29,1.1,4.1,86,Private
2024,Maharastra,Half Yearly,114,48.25,52,99,90.47,2.3,3.6,84.2,Government
2024,Maharastra,Half Yearly,114,75.2,31,86,87.53,1.8,3.5,92,Aided
2024,Maharastra,Half Yearly,114,81,55,85,79.43,-3.4,2,80.6,Private
2024,Maharastra,Half Yearly,114,48.77,66,99,62.78,2.6,4,88.8,Aided
2024,Maharastra,Half Yearly,114,45.57,32,92,59.35,2.5,4.1,91,Aided
2024,Maharastra,Half Yearly,114,67.86,32,87,76.98,3.6,2.7,91.2,Government
2024,Maharastra,Half Yearly,114,57.65,48,100,87.41,4,4.5,98,Private
2024,Maharastra,Half Yearly,114,55.66,60,93,51.4,3.2,4.3,96.4,Government
2024,Maharastra,Half Yearly,114,81.44,42,93,70.34,1.2,2.4,77.5,Private
2024,Maharastra,Half Yearly,114,56.31,53,91,77.09,3.4,2.1,81.5,Aided
2024,Maharastra,Half Yearly,114,46.11,69,100,97.94,-1.9,3.7,95.2,Government
2024,Maharastra,Half Yearly,114,64.83,51,100,57.32,-3.4,4.2,94.3,Government
2024,Maharastra,Half Yearly,114,47.49,58,86,86.74,-0.5,3.4,97.5,Private
2024,Maharastra,Half Yearly,114,82.35,54,98,90.55,-4.1,2.1,98.2,Government
2024,Maharastra,Half Yearly,114,43.44,70,87,72.52,1.7,2.6,84.7,Private
2024,Maharastra,Half Yearly,114,69.72,46,94,79.52,-2.2,3.8,81.1,Private
2024,Maharastra,Half Yearly,114,56.07,59,95,50.62,4.4,3.8,99,Private
2024,Maharastra,Half Yearly,114,47.91,47,80,62.9,4.6,3.7,97.1,Private
2024,Maharastra,Half Yearly,114,58.66,44,88,86.53,-0.9,3.5,77.6,Aided
2024,Maharastra,Half Yearly,114,49.6,60,87,54.15,0.8,2.3,94.4,Aided
2024,Maharastra,Half Yearly,114,81.33,50,87,62.51,-4.3,3.2,97.3,Aided
2024,Maharastra,Half Yearly,114,78.43,41,91,81.41,3.7,2.1,76.7,Private
2024,Maharastra,Half Yearly,114,49.17,49,98,89.27,0.2,4.7,88.4,Private
2024,Maharastra,Half Yearly,114,66.81,34,99,87.64,3.5,3.4,95.1,Aided
2024,Maharastra,Half Yearly,114,54.03,55,100,98.39,1.4,3.6,85.2,Government
2024,Maharastra,Half Yearly,114,90.88,64,80,79.19,3.9,3.3,94.4,Private
2024,Maharastra,Half Yearly,114,78.14,44,86,85.15,-2.7,3.9,77.5,Private
2024,Maharastra,Half Yearly,114,69.74,41,84,97.25,-1.1,4.7,80.4,Private
2024,Maharastra,Half Yearly,114,48.3,47,86,50.05,4.4,3.9,77.7,Private
2024,Maharastra,Half Yearly,114,44.57,69,99,75.03,-2,2.9,79.3,Aided
2024,Maharastra,Half Yearly,114,45.71,35,80,56.9,4,3.2,87.9,Aided
2024,Maharastra,Half Yearly,114,71.26,31,96,90.34,-2.8,4.3,86.3,Aided
2024,Maharastra,Half Yearly,114,68.29,48,84,59.74,3.2,3.2,76.7,Aided
2024,Maharastra,Half Yearly,114,91.03,39,85,87.69,-1.8,2.3,76.5,Aided
2024,Maharastra,Half Yearly,114,57.52,59,93,91.82,3.9,3.5,89.4,Aided
2024,Maharastra,Half Yearly,114,78.16,30,80,98.24,1,2.1,95.1,Aided
2024,Maharastra,Half Yearly,114,90.05,65,81,73.65,3.1,2.9,87.4,Aided
2024,Maharastra,Half Yearly,114,42.73,43,93,77.11,0.5,4,90.3,Government
2024,Maharastra,Half Yearly,114,81.86,55,82,85.88,4.4,2.9,84.8,Private
2024,Maharastra,Half Yearly,114,46.12,64,95,77.16,2.8,2.6,93.4,Aided
2024,Maharastra,Half Yearly,114,91.38,64,94,72.44,-3.5,2.2,75.2,Private
2024,Maharastra,Half Yearly,114,41.37,54,96,68.26,2,3,89.7,Government
2024,Maharastra,Half Yearly,114,92.72,32,93,78.42,-1,3.1,95.9,Aided
2024,Maharastra,Half Yearly,114,44.19,61,81,86.98,-2.8,4.5,95.3,Aided
2024,Maharastra,Half Yearly,114,92.85,69,82,81.91,-0.6,4.9,76.7,Private
2024,Maharastra,Half Yearly,114,40.75,37,85,96.88,1.9,3.4,89.3,Aided
2024,Maharastra,Half Yearly,114,85.73,32,84,89.3,-1.6,2.4,77.9,Aided
2024,Maharastra,Half Yearly,114,42.81,34,84,93.27,-0.7,3.6,87.1,Aided
2024,Maharastra,Half Yearly,114,47.66,60,85,79.34,4,4.5,88.7,Government
2024,Maharastra,Half Yearly,114,66.08,34,95,65.53,-2,3,94.4,Government
2024,Maharastra,Half Yearly,114,41.56,63,99,75.5,3.2,2.8,84,Aided
2024,Maharastra,Half Yearly,114,87.55,62,91,98.43,-1.4,2.6,97.2,Government
2024,Maharastra,Half Yearly,114,71.71,68,89,67.87,-1.8,3.3,97.3,Aided
2024,Maharastra,Half Yearly,114,74.96,36,83,74.95,-2.7,2.8,79.6,Aided
2024,Maharastra,Half Yearly,114,45.73,59,94,73.33,-4.4,3.1,93.9,Government
2024,Maharastra,Half Yearly,114,90.13,45,85,94.11,-3.7,3.3,80.3,Private
2024,Maharastra,Half Yearly,114,92.1,30,99,85.78,-4.3,2.8,98.8,Government
2024,Maharastra,Half Yearly,114,92.73,70,96,82.17,1.2,2.5,85.9,Aided
2024,Maharastra,Half Yearly,114,51.79,42,84,55.11,2.2,2.6,77.2,Aided
2024,Maharastra,Half Yearly,114,67.44,35,90,50.96,-4.4,3.9,84,Aided
2024,Maharastra,Half Yearly,114,61.31,32,85,60.42,-0.7,2.5,87.3,Government
2024,Maharastra,Half Yearly,114,49.96,59,84,80.67,0.5,3.3,89.3,Private
2024,Maharastra,Half Yearly,114,60.26,51,82,88.6,3.2,2.3,82.9,Private
2024,Maharastra,Half Yearly,114,83.01,53,98,56.7,-3.6,3.5,91.3,Private
2024,Maharastra,Half Yearly,114,73.67,63,96,94.29,3.5,4.3,92.2,Aided
2024,Maharastra,Half Yearly,114,70.67,37,82,74.32,3.9,4.8,93.9,Private
2024,Maharastra,Half Yearly,114,75.76,60,97,66.02,-2.5,2.8,94.1,Private
2024,Maharastra,Half Yearly,114,55.76,32,96,78.26,-1.7,2.7,88.3,Government
2024,Maharastra,Half Yearly,114,92.92,61,95,56.07,-3.6,3.8,99.9,Government
2024,Maharastra,Half Yearly,114,58.47,52,95,94.35,4.9,4,91.2,Private
2024,Maharastra,Half Yearly,114,90.84,62,96,72.3,0.4,3.4,93.9,Private
2024,Maharastra,Half Yearly,114,45.86,62,96,92.61,2.7,2.1,94.2,Government
2024,Maharastra,Half Yearly,114,79.17,60,94,92.71,-0.8,3.9,84.3,Private
2024,Maharastra,Half Yearly,114,57.73,69,100,79.15,-3.9,5,76.6,Aided
2024,Maharastra,annual,114,68.61,39,96,99.32,4.6,2.2,75.2,Private
2024,Maharastra,annual,114,46.77,67,95,82.92,3.6,4.3,86.3,Private
2024,Maharastra,annual,114,84.81,68,90,58.73,-3.9,4.3,94.9,Aided
2024,Maharastra,annual,114,71.99,35,82,85.58,2.8,2.6,97.4,Government
2024,Maharastra,annual,114,83.4,41,93,83.25,-3.2,4.8,93.3,Government
2024,Maharastra,annual,114,71.49,45,84,92.82,-4.8,3,75.6,Private
2024,Maharastra,annual,114,59.77,38,98,91.57,-3.7,3.2,75.1,Aided
2024,Maharastra,annual,114,59.69,38,91,54.42,3.8,4.2,95.2,Aided
2024,Maharastra,annual,114,47.54,41,80,99.33,3.2,3.7,93.4,Government
2024,Maharastra,annual,114,87.64,69,96,55.82,3.7,3.5,97.1,Private
2024,Maharastra,annual,114,80.31,33,86,75.58,-0.2,2.8,92.4,Government
2024,Maharastra,annual,114,68.45,67,83,69.8,0.6,3.9,89.1,Government
2024,Maharastra,annual,114,44.79,65,89,55.5,-4,4.9,78.7,Aided
2024,Maharastra,annual,114,92.4,60,89,57.72,-2.2,4.6,87.3,Private
2024,Maharastra,annual,114,81.86,51,82,83.71,0.9,2.8,92.6,Aided
2024,Maharastra,annual,114,74.88,47,83,53.93,-4.1,4.2,85.5,Aided
2024,Maharastra,annual,114,65.5,57,89,56.37,4.7,3.6,89,Government
2024,Maharastra,annual,114,93.46,32,92,58.52,1.6,3.2,88.3,Private
2024,Maharastra,annual,114,55.06,49,85,53.04,-1.9,3.1,84.6,Government
2024,Maharastra,annual,114,59.62,48,82,96.45,-1,2.8,76.7,Government
2024,Maharastra,annual,114,49.7,40,80,50.58,-0.4,3.4,96.5,Aided
2024,Maharastra,annual,114,60.06,46,99,93.07,-2.6,4.9,95.4,Government
2024,Maharastra,annual,114,46.88,70,89,88.88,1.2,4.2,89.9,Government
2024,Maharastra,annual,114,79.62,53,83,56.61,-4.9,3.5,93.4,Government
2024,Maharastra,annual,114,59.39,52,83,63.35,-4.1,2.6,84.5,Private
2024,Maharastra,annual,114,72.15,32,99,94.16,-4.1,3.2,87.8,Government
2024,Maharastra,annual,114,43.03,66,94,79.57,2.4,4.6,99.5,Government
2024,Maharastra,annual,114,41.55,31,98,87.9,-3.9,4.4,88.6,Government
2024,Maharastra,annual,114,56.15,57,96,60.27,2.5,3.1,96.5,Private
2024,Maharastra,annual,114,61.63,56,86,62.83,-0.3,2.3,76.9,Aided
2024,Maharastra,annual,114,46.96,60,94,99.84,1,3,93.3,Aided
2024,Maharastra,annual,114,94.64,57,99,67.87,-1.3,3.3,92.7,Aided
2024,Maharastra,annual,114,94.52,55,94,59.8,1.9,4.9,75.4,Government
2024,Maharastra,annual,114,49.59,63,97,80.47,-4.6,3.9,84.7,Private
2024,Maharastra,annual,114,45.72,56,95,60.45,2.9,3.8,78.3,Private
2024,Maharastra,annual,114,41.48,52,95,52.26,-4.5,2.1,88.8,Aided
2024,Maharastra,annual,114,60.96,55,82,66.8,0.8,3.6,94.4,Government
2024,Maharastra,annual,114,43.63,37,98,90.37,2.5,4.6,95.5,Private
2024,Maharastra,annual,114,67.98,54,81,56.78,-2,3.3,97.1,Private
2024,Maharastra,annual,114,53,42,81,62.11,-3.1,3.5,75.9,Aided
2024,Maharastra,annual,114,70.09,66,93,75.96,-2.8,4.6,78.8,Government
2024,Maharastra,annual,114,41.84,45,97,89.84,-1.9,2.2,75.7,Private
2024,Maharastra,annual,114,91.59,65,92,80.23,0.6,4.8,89.7,Private
2024,Maharastra,annual,114,40.54,50,97,80.73,0.1,4.9,87.8,Aided
2024,Maharastra,annual,114,93.78,39,97,65.7,-1.4,2.7,89.7,Government
2024,Maharastra,annual,114,76.57,48,83,91.64,0.7,3,75.1,Private
2024,Maharastra,annual,114,84.28,48,85,50.65,4.7,4.4,79.4,Private
2024,Maharastra,annual,114,84.18,65,87,95.64,1.4,4.8,92.7,Government
2024,Maharastra,annual,114,69.06,46,85,95.95,0.2,3.3,99.1,Aided
2024,Maharastra,annual,114,81.65,33,86,95.01,3.8,4.9,96.8,Government
2024,Maharastra,annual,114,55.49,49,94,95.33,-3.4,4,98.8,Government
2024,Maharastra,annual,114,50.54,63,81,92.6,3.9,2.2,96.3,Government
2024,Maharastra,annual,114,64.9,48,97,70.93,-4.1,4.3,83.3,Government
2024,Maharastra,annual,114,46.79,32,97,92.34,2,2.7,98,Aided
2024,Maharastra,annual,114,45.77,32,88,86.62,-1.3,4.5,75.4,Private
2024,Maharastra,annual,114,75.55,39,84,53.34,1.2,4,82.5,Aided
2024,Maharastra,annual,114,74.18,52,83,57.08,-3.2,4.8,77.1,Aided
2024,Maharastra,annual,114,82.51,45,96,71.29,-1.3,3.5,98.1,Government
2024,Maharastra,annual,114,76.54,41,90,52.96,0.3,4.6,93.2,Government
2024,Maharastra,annual,114,81.76,42,82,99.33,-3.9,4.7,97.8,Aided
2024,Maharastra,annual,114,53.91,66,87,95.16,-4.7,2.1,83.3,Government
2024,Maharastra,annual,114,55.77,48,92,66.55,-4.8,3,81.8,Aided
2024,Maharastra,annual,114,68.88,65,92,76.09,-1,4.6,82.5,Aided
2024,Maharastra,annual,114,61.39,67,92,74.74,-2.4,4.5,96.8,Government
2024,Maharastra,annual,114,65,55,91,71.37,-1.7,4.9,87.3,Government
2024,Maharastra,annual,114,91.26,42,85,55.36,-3.3,4.2,88.2,Aided
2024,Maharastra,annual,114,50.67,57,86,56.98,3,2.4,84.4,Private
2024,Manipur,Quarterly,115,69.93,42,81,70.96,0.5,2.3,86.8,Private
2024,Manipur,Quarterly,115,46.11,53,89,52.96,-4.4,3.7,95.1,Aided
2024,Manipur,Quarterly,115,71.44,63,96,81.01,3.4,4.3,98.6,Private
2024,Manipur,Quarterly,115,80.28,35,86,62.67,1.8,4,98.5,Aided
2024,Manipur,Quarterly,115,51.63,67,81,85.21,-4.4,2,96.3,Aided
2024,Manipur,Quarterly,115,55.64,68,91,55.96,3,4.1,87.2,Government
2024,Manipur,Quarterly,115,69.22,48,93,85.89,-3.1,3.8,97,Private
2024,Manipur,Quarterly,115,61.92,64,97,79.47,-4.7,3.5,85.6,Government
2024,Manipur,Quarterly,115,50.37,59,82,68.65,2.2,4.1,86.8,Aided
2024,Manipur,Quarterly,115,83.46,36,88,96.19,0.4,4.9,76.8,Government
2024,Manipur,Quarterly,115,89.98,48,83,77.4,0.9,3.5,83.9,Government
2024,Manipur,Quarterly,115,68.46,38,93,69.81,4,2.3,95.8,Government
2024,Manipur,Quarterly,115,57.03,32,82,82.26,-3.7,2.4,84.4,Government
2024,Manipur,Quarterly,115,59.39,35,81,51.76,4,2.9,89.6,Private
2024,Manipur,Quarterly,115,65.44,62,96,76.74,0.8,2.2,78.9,Aided
2024,Manipur,Quarterly,115,53.88,34,97,99.22,-4.6,4.3,78.6,Private
2024,Manipur,Quarterly,115,72.41,57,98,84.71,-4.8,4.7,98.3,Government
2024,Manipur,Quarterly,115,76,48,95,67.58,2.3,4.6,84.5,Aided
2024,Manipur,Quarterly,115,86.11,36,100,86.57,2.2,2.8,85.5,Private
2024,Manipur,Quarterly,115,41.33,33,83,76.44,3.4,4,96.1,Government
2024,Manipur,Quarterly,115,55.27,31,88,63.17,-3.1,2.2,82.7,Private
2024,Manipur,Quarterly,115,48.6,49,80,72,-2.4,4.8,84.5,Aided
2024,Manipur,Quarterly,115,40.79,66,85,88.73,2.1,4.5,92.3,Private
2024,Manipur,Quarterly,115,44.88,37,80,76.05,-4.9,2.1,95.6,Private
2024,Manipur,Quarterly,115,77.36,31,96,53.59,-1.1,3.8,90.5,Government
2024,Manipur,Quarterly,115,79.77,63,92,92.86,-2.7,2.3,79,Private
2024,Manipur,Quarterly,115,65.47,32,80,62.93,-4.9,3.8,84,Aided
2024,Manipur,Quarterly,115,91.69,41,86,51.52,-3.7,4.3,87,Private
2024,Manipur,Quarterly,115,58.87,50,80,69.97,-0.8,2.9,94,Private
2024,Manipur,Quarterly,115,54.64,56,88,95.68,-2,4.7,92.9,Private
2024,Manipur,Quarterly,115,57.25,66,98,75.29,-3,3,82.2,Government
2024,Manipur,Quarterly,115,57.48,62,86,52.5,-4,4.1,75.4,Aided
2024,Manipur,Quarterly,115,88,62,80,50.53,4.9,2.8,97.1,Government
2024,Manipur,Quarterly,115,94.17,61,84,77.44,-3,4.4,81.8,Government
2024,Manipur,Quarterly,115,55.26,41,99,94.43,-1,4.1,89,Aided
2024,Manipur,Quarterly,115,51.3,56,97,81.44,-4.1,2.8,80,Private
2024,Manipur,Quarterly,115,47.7,41,97,66.18,1.1,4,94,Private
2024,Manipur,Quarterly,115,53.39,30,97,80.17,-0.7,4.3,89.5,Private
2024,Manipur,Quarterly,115,47.46,58,80,92.76,-5,2.1,79.3,Government
2024,Manipur,Quarterly,115,60.81,31,90,64.93,-1.6,3.3,81.9,Private
2024,Manipur,Quarterly,115,53.4,70,85,96.28,-3.5,4.9,97.7,Government
2024,Manipur,Quarterly,115,82.05,32,83,69.6,-2.9,4,94.1,Private
2024,Manipur,Quarterly,115,62.1,58,92,92.43,-3.3,4.7,95.7,Government
2024,Manipur,Quarterly,115,60.01,57,98,97.36,1.2,4.5,77.3,Private
2024,Manipur,Quarterly,115,81.03,39,81,95.3,1.7,4.1,81.6,Government
2024,Manipur,Quarterly,115,79.54,45,96,79.9,4.2,4.3,82.5,Aided
2024,Manipur,Quarterly,115,71.74,31,87,65.33,-2.9,3.2,87.4,Private
2024,Manipur,Quarterly,115,93.78,63,98,96.73,-0.3,2.4,78.4,Aided
2024,Manipur,Half Yearly,115,76.53,41,100,86.46,3.5,4.9,97.5,Government
2024,Manipur,Half Yearly,115,70.82,36,87,78.63,-0.8,4.7,98.8,Government
2024,Manipur,Half Yearly,115,73.48,53,81,72.39,-3.9,2.8,94,Private
2024,Manipur,Half Yearly,115,54.03,68,95,68.56,-2.3,4.9,85.2,Government
2024,Manipur,Half Yearly,115,53.91,55,80,78.86,4.6,4.6,95.8,Aided
2024,Manipur,Half Yearly,115,46.69,63,98,67.12,4.5,4.5,86.9,Government
2024,Manipur,Half Yearly,115,57.09,41,82,57.49,-2.4,2.6,78.5,Government
2024,Manipur,Half Yearly,115,90.38,70,84,97.21,-2.4,3.9,91.4,Aided
2024,Manipur,Half Yearly,115,53.86,55,82,85.32,1.5,4,84.5,Government
2024,Manipur,Half Yearly,115,50.94,66,98,95.62,2.6,2,84.5,Aided
2024,Manipur,Half Yearly,115,54.9,57,80,84.67,-0.4,4.6,86.2,Private
2024,Manipur,Half Yearly,115,43.11,36,85,59.81,1.6,2.9,77.4,Private
2024,Manipur,Half Yearly,115,73.94,56,99,85.37,-4.3,3,90.9,Government
2024,Manipur,Half Yearly,115,88.56,59,83,97.05,1.8,4.2,88.5,Aided
2024,Manipur,Half Yearly,115,71.72,37,84,73.87,3.1,3.3,98.9,Private
2024,Manipur,Half Yearly,115,47.17,62,89,95.49,3.5,2.9,96.3,Government
2024,Manipur,Half Yearly,115,60.97,66,86,68.82,2.7,2.7,75.1,Private
2024,Manipur,Half Yearly,115,60.86,33,96,85.89,-0.8,3.6,84.8,Government
2024,Manipur,Half Yearly,115,94.35,59,89,94.02,3.9,2.6,90.2,Government
2024,Manipur,Half Yearly,115,84.18,46,89,90.37,3.8,3.3,88.5,Private
2024,Manipur,Half Yearly,115,70.12,31,94,70.76,4.1,2.4,93.1,Aided
2024,Manipur,Half Yearly,115,67.66,66,98,83.83,-2.9,3.6,82.4,Government
2024,Manipur,Half Yearly,115,64.69,47,95,64.86,4.6,4.9,75.6,Government
2024,Manipur,Half Yearly,115,93.69,37,99,66.81,0.6,4.9,91.4,Aided
2024,Manipur,Half Yearly,115,82.88,48,81,85.64,2.6,4.6,94.7,Government
2024,Manipur,Half Yearly,115,76.32,32,92,50.15,1.2,4.5,81,Government
2024,Manipur,Half Yearly,115,73.36,32,91,54.32,-3.4,2.1,99.2,Aided
2024,Manipur,Half Yearly,115,53.95,51,100,95.93,4.9,4.8,94.7,Aided
2024,Manipur,Half Yearly,115,68.33,44,82,92.31,-2.8,3.7,91.6,Government
2024,Manipur,Half Yearly,115,84.22,36,90,88.24,-2.5,2.1,94.4,Aided
2024,Manipur,Half Yearly,115,85.86,70,91,92.23,3.9,3,78.8,Private
2024,Manipur,Half Yearly,115,69.89,63,95,96.77,-4.3,4.6,86.6,Private
2024,Manipur,Half Yearly,115,69.99,34,98,80.42,-0.1,4.4,91.7,Private
2024,Manipur,Half Yearly,115,48.28,55,82,80,-4.2,3.6,95.6,Aided
2024,Manipur,Half Yearly,115,42.44,43,89,70.48,0.8,3.4,93.3,Government
2024,Manipur,Half Yearly,115,86,46,90,63.52,-4.5,2.6,84.4,Government
2024,Manipur,Half Yearly,115,52.36,66,97,80.83,-0.7,2.9,85.7,Private
2024,Manipur,Half Yearly,115,45.85,45,81,58.17,4.8,2.3,94.8,Aided
2024,Manipur,Half Yearly,115,72.66,57,97,80.24,2.3,4.6,77.8,Government
2024,Manipur,Half Yearly,115,73.49,68,81,89.35,-3.8,4.5,93.1,Private
2024,Manipur,Half Yearly,115,51.17,35,87,74,3.7,3.1,76.1,Private
2024,Manipur,Half Yearly,115,73.36,48,89,77.35,-3.3,2.7,99.2,Aided
2024,Manipur,Half Yearly,115,62.78,64,92,90.61,-3,2.9,78.4,Aided
2024,Manipur,Half Yearly,115,68.13,46,98,61.66,-3.4,3.3,80.6,Government
2024,Manipur,Half Yearly,115,40.45,62,99,63.29,-1.9,3.3,90,Aided
2024,Manipur,Half Yearly,115,81.03,45,93,90.21,2.1,2.6,90.4,Private
2024,Manipur,Half Yearly,115,78.55,38,81,89.34,4.8,4.9,77,Private
2024,Manipur,Half Yearly,115,91.61,36,81,77.88,4.7,4.5,78.3,Aided
2024,Manipur,Half Yearly,115,55.43,36,100,80.92,1.5,4.5,89,Private
2024,Manipur,Half Yearly,115,60.65,55,92,55.7,2.7,2.6,96.1,Government
2024,Manipur,Half Yearly,115,80.05,44,100,88.37,-4.4,4.6,90.5,Private
2024,Manipur,Half Yearly,115,54.38,39,94,69.79,2.8,4.3,92,Private
2024,Manipur,Half Yearly,115,44.12,64,100,73.45,0.6,3.2,85.1,Government
2024,Manipur,Half Yearly,115,46.35,45,99,83.29,-3.1,5,98,Government
2024,Manipur,Half Yearly,115,69.32,68,86,66.23,-3.5,3.6,80.7,Government
2024,Manipur,Half Yearly,115,51.42,66,82,52.36,-0.8,4.1,76.7,Private
2024,Manipur,Half Yearly,115,81.91,35,99,92.83,-2.4,2.6,89.5,Aided
2024,Manipur,Half Yearly,115,63.12,67,88,97.3,-2.5,4,81.9,Aided
2024,Manipur,Half Yearly,115,86.3,62,90,79.1,-4,4.4,85.1,Private
2024,Manipur,Half Yearly,115,44.23,65,95,71.84,-1,5,84.9,Private
2024,Manipur,Half Yearly,115,61.19,60,97,72.28,-4.4,2.3,75.6,Government
2024,Manipur,Half Yearly,115,69.69,47,88,65.87,-4.9,4.6,82.9,Government
2024,Manipur,Half Yearly,115,79.69,63,85,86.36,-4.5,3.1,88.8,Aided
2024,Manipur,Half Yearly,115,53.39,31,99,51.56,4.3,4.4,75.1,Private
2024,Manipur,Half Yearly,115,45.23,47,85,71.15,3.8,3.6,92.5,Government
2024,Manipur,Half Yearly,115,51.62,41,88,74.76,-0.3,3.1,76.6,Private
2024,Manipur,annual,115,64.99,57,97,94.25,3,4.8,84.4,Aided
2024,Manipur,annual,115,85,39,80,66.87,4.1,4.1,93,Government
2024,Manipur,annual,115,50.16,43,94,89.92,-0.3,4.3,89.5,Private
2024,Manipur,annual,115,72.13,64,83,75.5,1.6,2.9,90.5,Aided
2024,Manipur,annual,115,45.66,42,87,73.14,-4.7,4.5,96.7,Private
2024,Manipur,annual,115,60.89,57,81,60.62,4.7,3.4,98.6,Aided
2024,Manipur,annual,115,67.4,39,81,55.98,4.6,3.2,97.9,Aided
2024,Manipur,annual,115,76.71,65,92,51.02,-3.7,4.7,77,Aided
2024,Manipur,annual,115,56.43,52,98,85.8,-1.4,4,86.4,Government
2024,Manipur,annual,115,75.67,44,97,86.72,4.4,3.9,80.4,Government
2024,Manipur,annual,115,83.6,60,94,54.85,0,4.7,98.6,Private
2024,Manipur,annual,115,94.23,56,96,51.63,-2.1,3.3,79.2,Aided
2024,Manipur,annual,115,41.12,42,91,67.02,-2.5,2.1,81,Aided
2024,Manipur,annual,115,51.36,46,80,68.77,1.3,4.1,94.7,Aided
2024,Manipur,annual,115,76.63,50,97,81.86,-4.9,2.8,79.8,Aided
2024,Manipur,annual,115,54.51,49,80,75.71,3.3,3.8,75.2,Government
2024,Manipur,annual,115,79.55,59,100,71.03,-4.2,5,95.2,Government
2024,Manipur,annual,115,60.76,64,100,82.37,-3.7,2.4,94.7,Government
2024,Manipur,annual,115,86.75,46,90,54.76,0.8,4.9,99.7,Government
2024,Manipur,annual,115,56.07,38,98,78.6,3.3,2.8,97.5,Aided
2024,Manipur,annual,115,85.4,50,85,56.83,2.7,2.5,80.3,Aided
2024,Manipur,annual,115,86.47,42,91,92.44,2.6,4.8,84.6,Private
2024,Manipur,annual,115,91.67,60,81,84.96,-3.7,4.9,93.5,Aided
2024,Manipur,annual,115,52.83,41,93,58.16,-0.4,3,83.4,Aided
2024,Manipur,annual,115,86.95,38,98,93.96,-3.8,4.6,80.6,Private
2024,Manipur,annual,115,86.82,62,89,84.19,-2.5,3.3,92.5,Private
2024,Manipur,annual,115,81.01,43,80,91.37,4.8,2.7,86.5,Aided
2024,Manipur,annual,115,82.5,58,83,86.33,3.1,4.8,89.2,Government
2024,Manipur,annual,115,92.48,61,98,58.06,3.4,2.7,76,Aided
2024,Manipur,annual,115,58.23,53,96,99.4,-0.3,3,89.4,Aided
2024,Manipur,annual,115,52.92,61,87,68.83,0.4,4.3,96.2,Government
2024,Manipur,annual,115,59.42,47,96,77.34,0.7,3.5,94.8,Government
2024,Manipur,annual,115,40.2,67,96,75.84,3.4,2.8,84.4,Government
2024,Manipur,annual,115,74.31,62,96,59.01,1.2,2.6,78.8,Government
2024,Manipur,annual,115,68.43,47,92,95.78,2.8,2.5,80.9,Private
2024,Manipur,annual,115,74.11,38,96,81.75,1.2,2.1,90.2,Government
2024,Telangana,Quarterly,124,47.29,42,93,77.82,-3.5,3.4,81.6,Aided
2024,Telangana,Quarterly,124,52.94,54,80,52.99,4,2.7,99.9,Private
2024,Telangana,Quarterly,124,76.75,41,81,62.05,0.4,4,79.4,Aided
2024,Telangana,Quarterly,124,46.28,39,82,86.71,-3,4.8,97.1,Private
2024,Telangana,Quarterly,124,84.57,58,90,72.6,0.1,3.3,83.1,Private
2024,Telangana,Quarterly,124,74.31,53,91,54.04,3.3,4.8,90.6,Aided
2024,Telangana,Quarterly,124,66.28,40,81,63.54,4.7,4.2,90.2,Aided
2024,Telangana,Quarterly,124,78.5,51,85,84.85,-0.2,3.8,87,Aided
2024,Telangana,Quarterly,124,55.95,37,91,86.84,-2,2.7,89.1,Government
2024,Telangana,Quarterly,124,70.28,66,90,81.6,3.6,4.8,76.3,Government
2024,Telangana,Quarterly,124,48.59,69,95,50.24,-2.4,4.4,94.4,Government
2024,Telangana,Quarterly,124,87.07,68,81,52.68,-0.3,2.5,96.2,Government
2024,Telangana,Quarterly,124,60.32,36,97,91.66,-1.5,4.6,78.4,Government
2024,Telangana,Quarterly,124,94.43,53,80,90.97,-0.6,4.6,82.7,Private
2024,Telangana,Quarterly,124,53.29,68,88,53.41,2.2,2.7,86.6,Aided
2024,Telangana,Quarterly,124,74.04,47,92,55.89,-0.3,3.7,75.6,Aided
2024,Telangana,Quarterly,124,57.88,64,85,98.34,-3.2,4.9,84.1,Private
2024,Telangana,Quarterly,124,87.63,51,90,64.21,-3.2,4.7,90.4,Aided
2024,Telangana,Quarterly,124,63.96,35,83,94.07,2.6,2.4,89.5,Private
2024,Telangana,Quarterly,124,94.77,30,87,87.95,-1.3,3.9,76.3,Government
2024,Telangana,Quarterly,124,56.31,58,86,58.44,-1.8,4.7,96.6,Government
2024,Telangana,Quarterly,124,59.51,59,93,74.52,-2,3.5,88.7,Aided
2024,Telangana,Quarterly,124,88.96,39,84,58.81,2.7,2.1,93.3,Government
2024,Telangana,Quarterly,124,74.44,60,82,65.18,3.2,2.9,85,Government
2024,Telangana,Quarterly,124,92.55,65,97,77.24,-2.5,2.6,83.8,Government
2024,Telangana,Quarterly,124,80.35,52,97,54.3,-4.8,4,80.3,Aided
2024,Telangana,Quarterly,124,67.19,42,85,66.96,3.8,3.7,82.6,Government
2024,Telangana,Quarterly,124,63.32,30,92,86.75,0.8,2.4,97.8,Government
2024,Telangana,Quarterly,124,54.21,65,91,82.1,3.4,2,92,Private
2024,Telangana,Quarterly,124,56.22,60,99,67.46,-4.3,2.3,79.7,Government
2024,Telangana,Quarterly,124,40.15,30,97,89.68,3.5,3.4,80.5,Government
2024,Telangana,Quarterly,124,71.89,45,85,75.97,1.1,2,82.9,Private
2024,Telangana,Quarterly,124,88.3,58,95,59.38,-3.6,3.3,95.4,Aided
2024,Telangana,Quarterly,124,69.33,50,84,59.99,-4.1,4.3,79.5,Government
2024,Telangana,Quarterly,124,51.8,55,94,57.79,3.1,2.9,92.6,Government
2024,Telangana,Quarterly,124,49.77,31,94,96.98,-4.7,2,75.5,Aided
2024,Telangana,Quarterly,124,51.34,55,84,81.98,-1.2,4.2,94.3,Private
2024,Telangana,Quarterly,124,64.32,51,88,64.01,0.8,4.1,99.8,Government
2024,Telangana,Quarterly,124,45.94,39,84,94.65,0.1,3.9,90.7,Private
2024,Telangana,Quarterly,124,41.89,41,84,99.32,4.5,5,93.3,Government
2024,Telangana,Quarterly,124,69.18,30,92,88.29,-3.1,2.6,77.7,Government
2024,Telangana,Quarterly,124,75.01,35,85,57.81,-5,2.7,78.7,Aided
2024,Telangana,Quarterly,124,47.13,68,87,98.34,4.3,3.3,86.7,Private
2024,Telangana,Quarterly,124,87.99,44,96,52.16,-2.2,4.2,81.2,Private
2024,Telangana,Quarterly,124,44.02,43,83,59.84,-0.9,3.9,75.9,Aided
2024,Telangana,Quarterly,124,93.73,70,95,91.57,-5,3.7,97.7,Government
2024,Telangana,Quarterly,124,78.29,70,100,61.8,0.9,3.3,87.7,Private
2024,Telangana,Quarterly,124,48.07,65,92,68.64,0,2.8,98.3,Government
2024,Telangana,Quarterly,124,85.62,33,84,85.17,-0.8,2,88.7,Government
2024,Telangana,Quarterly,124,54.12,30,82,73.82,-4.4,4.8,76.6,Aided
2024,Telangana,Quarterly,124,52.41,54,80,94.61,-4.7,2.6,94,Private
2024,Telangana,Quarterly,124,80.58,33,95,66.64,-0.4,2.2,78.6,Government
2024,Telangana,Quarterly,124,76.67,41,90,67.08,-2.1,4.4,97.6,Government
2024,Telangana,Quarterly,124,57.93,69,81,62.06,-1.1,2.6,81.4,Aided
2024,Telangana,Quarterly,124,94.11,40,82,65.13,3.4,3.8,94.2,Government
2024,Telangana,Quarterly,124,48.82,49,85,81.78,4.3,4.7,78,Private
2024,Telangana,Quarterly,124,90.61,46,85,72.44,-0.6,4.9,92,Aided
2024,Telangana,Quarterly,124,93.82,45,86,74.1,-0.4,4.2,94.6,Private
2024,Telangana,Quarterly,124,44.6,42,81,92.73,4.5,4.7,91,Government
2024,Telangana,Quarterly,124,61.69,60,87,67.4,-2.4,2.6,92.4,Government
2024,Telangana,Quarterly,124,91.26,65,82,68.29,2.7,2.6,97.6,Government
2024,Telangana,Quarterly,124,61.59,44,85,58.35,4.1,2.1,79.5,Government
2024,Telangana,Quarterly,124,70.39,49,98,96.3,-3.1,3.9,99.2,Private
2024,Telangana,Quarterly,124,73.51,47,88,59.42,-1.5,4.8,99.1,Aided
2024,Telangana,Quarterly,124,88.28,61,81,57.78,-3.4,4.5,95.1,Private
2024,Telangana,Quarterly,124,75.29,31,95,80.75,-0.9,2.6,83.5,Aided
2024,Telangana,Quarterly,124,76.73,31,87,73.16,-1.4,4.1,82.1,Government
2024,Telangana,Quarterly,124,65.29,70,80,52.3,-4.3,4.3,77.2,Aided
2024,Telangana,Quarterly,124,62.34,44,98,66.47,-1.5,3.2,97.7,Aided
2024,Telangana,Quarterly,124,60.88,67,92,77.46,3.2,3.7,75.7,Government
2024,Telangana,Quarterly,124,66.85,32,81,96.79,-0.4,2.9,92.2,Government
2024,Telangana,Quarterly,124,67.22,63,100,99.6,3.3,3.3,76.3,Government
2024,Telangana,Quarterly,124,90.09,41,95,57.72,-0.8,2,78.3,Aided
2024,Telangana,Quarterly,124,85.53,47,97,97.52,-5,3.2,87.3,Government
2024,Telangana,Quarterly,124,52.24,32,89,62.84,-2.7,3.1,80.9,Private
2024,Telangana,Quarterly,124,60.3,54,98,99.34,-2.6,4.7,86.9,Government
2024,Telangana,Quarterly,124,69.84,36,95,65.88,2.4,2.7,79,Government
2024,Telangana,Quarterly,124,82.58,44,98,52.12,3.7,4.1,77.9,Private
2024,Telangana,Quarterly,124,85.15,45,93,66.37,3.4,2.3,94.7,Government
2024,Telangana,Quarterly,124,79.66,53,94,70.06,1.6,3.3,84.3,Private
2024,Telangana,Quarterly,124,76.65,46,97,51.77,3,3.7,85.6,Government
2024,Telangana,Quarterly,124,52.95,40,100,54.64,-0.2,2.7,95,Aided
2024,Telangana,Quarterly,124,61.81,60,88,91.31,-4,4.1,86.1,Government
2024,Telangana,Quarterly,124,83.78,69,87,77.89,-3.5,5,82.1,Government
2024,Telangana,Quarterly,124,82.11,41,86,90.76,-1.9,4.2,77.4,Government
2024,Telangana,Quarterly,124,91.08,45,99,74.56,-2.6,4.3,95.4,Private
2024,Telangana,Quarterly,124,70.9,53,82,79.47,-3.6,3.9,93.6,Private
2024,Telangana,Quarterly,124,82.41,56,100,82.19,-2.3,2,89.2,Aided
2024,Telangana,Quarterly,124,79,42,83,98.9,-1.2,4.4,98,Government
2024,Telangana,Half Yearly,124,43.43,39,81,54.47,4.2,2.1,83.2,Private
2024,Telangana,Half Yearly,124,48.35,60,86,95.96,-1.6,3,92.2,Government
2024,Telangana,Half Yearly,124,79.18,45,90,63.02,-2.8,4.3,86.2,Private
2024,Telangana,Half Yearly,124,74.2,62,82,52.01,4.5,3.2,99.5,Government
2024,Telangana,Half Yearly,124,76.63,38,82,53.34,-3.4,4,77.2,Aided
2024,Telangana,Half Yearly,124,84.85,67,95,71.58,4.1,3.7,94.3,Private
2024,Telangana,Half Yearly,124,80.79,60,88,77.31,0.1,3.1,89.4,Aided
2024,Telangana,Half Yearly,124,59.64,55,90,50.72,0.4,3.4,87.2,Government
2024,Telangana,Half Yearly,124,74.64,37,87,81.98,2,2.2,84.2,Aided
2024,Telangana,Half Yearly,124,67.82,32,89,52.72,-2.4,4.4,81.1,Private
2024,Telangana,Half Yearly,124,75.82,47,92,64.01,-0.9,3.7,87.8,Private
2024,Telangana,Half Yearly,124,50.45,36,94,74.68,3.2,3,75.3,Government
2024,Telangana,Half Yearly,124,87.82,40,84,51.31,-0.2,3,83.4,Government
2024,Telangana,Half Yearly,124,67.9,53,99,74.77,4.2,3.4,89,Government
2024,Telangana,Half Yearly,124,92.12,42,100,57.15,3.2,4.8,79.3,Aided
2024,Telangana,Half Yearly,124,59.8,32,96,79.32,-3.8,3.4,78.8,Aided
2024,Telangana,Half Yearly,124,43.16,58,97,65.94,-4.5,2.2,75.4,Government
2024,Telangana,Half Yearly,124,52.32,64,87,62.76,3.8,4.6,80.1,Private
2024,Telangana,Half Yearly,124,52.61,54,88,65.61,3.8,2.2,99.4,Private
2024,Telangana,Half Yearly,124,78.19,58,93,75.12,-0.2,4.7,81.2,Government
2024,Telangana,Half Yearly,124,90.35,45,87,77.29,0.2,4,95,Government
2024,Telangana,Half Yearly,124,83.29,59,90,73.08,-3.7,3.4,79.6,Government
2024,Telangana,Half Yearly,124,92.25,33,85,88.63,4.7,4.8,92.5,Private
2024,Telangana,Half Yearly,124,71.51,39,100,89.24,-4.7,3,77.2,Aided
2024,Telangana,Half Yearly,124,57.78,56,89,70.58,-4.9,2.8,82.4,Private
2024,Telangana,Half Yearly,124,70.37,47,100,53.53,-1.1,2.9,95.8,Government
2024,Telangana,Half Yearly,124,61.77,35,88,68.73,-4.9,3.7,98.8,Aided
2024,Telangana,Half Yearly,124,79.23,31,93,91.43,-1.1,2.3,96.4,Aided
2024,Telangana,annual,124,77.9,63,98,64.83,3.8,2.5,99.7,Government
2024,Telangana,annual,124,49.21,59,96,67.28,-1.4,3.2,89,Government
2024,Telangana,annual,124,76.93,60,99,60.04,0.4,2.7,93.1,Government
2024,Telangana,annual,124,59.93,52,92,72.26,-0.3,2.7,88.3,Aided
2024,Telangana,annual,124,74.61,47,83,51.51,-2.6,5,96.5,Aided
2024,Telangana,annual,124,69.28,70,93,77.05,-0.4,4.4,91.9,Government
2024,Telangana,annual,124,45.34,33,85,90.12,-1.8,3.4,81.2,Government
2024,Telangana,annual,124,61.64,68,82,90.7,2.8,3.5,80.2,Government
2024,Telangana,annual,124,67,53,91,66.98,0.4,3.9,82.2,Private
2024,Telangana,annual,124,63.57,69,93,68.61,-2.6,2.4,81,Private
2024,Telangana,annual,124,94.89,61,99,55.77,3.2,4.4,86.8,Private
2024,Telangana,annual,124,74.94,66,96,99.81,4,2.6,96.6,Aided
2024,Telangana,annual,124,46.55,60,94,67.96,-0.5,2.9,81.2,Private
2024,Telangana,annual,124,68.54,49,96,52.71,-1.8,3.7,97.3,Government
2024,Telangana,annual,124,75.35,30,95,75.87,-3.9,2.1,96.9,Aided
2024,Telangana,annual,124,84.69,55,96,64.23,-1.8,3.3,88.4,Private
2024,Telangana,annual,124,42.19,65,83,60.48,0.7,4.6,76.5,Government
2024,Telangana,annual,124,59.59,49,100,56.59,-4.9,2.8,98.4,Private
2024,Telangana,annual,124,83.79,45,90,78.85,0.1,3.4,77.4,Aided
2024,Telangana,annual,124,53.27,37,100,99.57,1.3,2.1,75.8,Government
2024,Telangana,annual,124,56.93,35,87,77.45,-4.7,4.9,84,Aided
2024,Telangana,annual,124,93.1,56,95,53.56,-1.3,4.5,88.3,Private
2024,Telangana,annual,124,51.68,33,95,81.13,-3.8,3.3,97.5,Aided
2024,Telangana,annual,124,86.38,69,95,50.76,0.4,2.4,91.1,Aided
2024,Telangana,annual,124,60.48,68,94,90.22,2.9,4.6,90.5,Government
2024,Telangana,annual,124,42.44,35,81,89.31,4,3.6,83.7,Private
